"",VICHY ENCHERES
"",Mes Guy et Etienne LAURENT – Commissaires-­‐priseurs
"","16, Avenue de Lyon – 03200 – VICHY"
"",Tél : 04-­‐70-­‐30-­‐11-­‐20 -­‐ Fax : 04-­‐70-­‐30-­‐11-­‐29
"",Email : vichy.encheres@gmail.com
"",www.interencheres.com
"",Jeudi 9 Juin 2011 à 14h
"",Instruments du quatuor
"",Experts :
"",Mr Jean-­‐Jacques RAMPAL -­‐ Mr Jean-­‐François RAFFIN
1,"Violon d'Albert DEBLAYE fait à Mirecourt au millésime de 1925, portant étiquette d'Albert"
"",Deblaye. Assez bon état. 358mm. 600/800
2,Violon de JEROME-­‐THIBOUVILLE-­‐LAMY fait à Mirecourt vers 1900 en modèle Guarnerius del Gesu.
"",Assez bon état. 357mm. 1500/2000
3,"Violon de JEROME-­‐THIBOUVILLE-­‐LAMY fait à Mirecourt début XXème, portant étiquette"
"",apocryphe Amati. Quelques restaurations sur la table. 358mm. 1000/1500
4,"Violon de Paul MANGENOT fait à Mirecourt vers 1920 en modèle Derazey, portant étiquette et"
"",marque au fer de H. Derazey. Bon état. 358mm. 1000/1500
5,Violon de LABERTE HUMBERT Frères fait à Mirecourt au millésime de 1934 n°7036. Bon état.
"",359mm. 1200/1500
6,"Violon français fait à Mirecourt vers 1850-­‐1860 de l'école de Grandjon, portant étiquette"
"",apocryphe de Stradivarius. Quelques restaurations sur la table et l'éclisse. 362mm. 1000/1500
7,"Violon fait dans les ateliers LABERTE en modèle Nicolas Ainé vers 1930, signé et marqué Nicolas"
"",Ainé. Bon état. 358mm. 800/1000
8,Violon de Joseph GUARINI dit GUARINI MENESSON fait à Reims au millésime de 1877 n°578.
"",Cassure d'âme sur la table restaurée. 356mm. 2000/2500
9,"Violon fait dans les ateliers LABERTE à Mirecourt vers 1920-­‐1930, portant étiquette apocryphe"
"",d'Andréa Amati. Assez bon état. 356mm. 800/1000
10,"Violon de François CAUSSIN fait à Neufchâteau vers 1850, portant étiquette apocryphe de Stainer."
"",Cassure d'âme sur la table restaurée et tête abimée. 352mm. 1500/2000
11,Violon fait dans les ateliers LAVEST à Montluçon XXème portant étiquette apocryphe Guarnerius.
"",Assez bon état. 360mm 1000/1200
12,"Violon de Carl Nicolas SAWITZKI fait à Vienne au millésime de 1827, portant étiquette de Nicolaus"
"",Sawitzki Wien 1827. Quelques restaurations. 358mm. 2500/3000
13,Joli violonMirecourt début XXème fait dans les ateliers LABERTE. Assez bon état. 359mm. 1000/1200
14,"Joli violon de Georges APPARUT fait à Mirecourt au millésime de 1932 n°404, portant étiquette de"
"",Georges Apparut. Assez bon état. 358mm. 1500/2000
15,Violon d'Amédée DIEUDONNE fait à Mirecourt au millésime de 1944 en modèle Guarnerius del
"","Gesu, portant étiquette fait par Amédée Dieudonné et signature. Bon état. 358mm. 1500/2000"
16,Joli violon de Léon MOUGENOT fait à Mirecourt au millésime de 1913 en modèle Guarnerius del
"","Gesu, portant étiquette Léon Mougenot Gauché. Bon état. 355mm. 1500/2000"
17,Violon de LABERTE-­‐HUMBERT fait à Mirecourt au millésime de 1934 n°7116. Assez bon état.
"",356mm 1500/2000
18,Violon de Jean BAUER fait à Angers au millésime de 1943. Bon état. 356mm. 3500/4000
19,"Joli violon Mirecourt XXème fait dans les ateliers LABERTE, portant étiquette apocryphe Amati."
"",Assez bon état. 357mm. 1000/1200
20,"Joli violon d'Hippolyte Chrétien SILVESTRE fait à Lyon au millésime de 1876 n°96, portant"
"",étiquette d'H.C. Silvestre Neveu à Lyon 1876 n°96. Petite cassure sur l'éclisse arrière gauche.
"",356mm. 13000/15000
21,Violon Mirecourt fait vers 1880 de l'école de Justin DERAZEY. Différentes restaurations sur la
"",table. 362mm. 1000/1500
22,"Violon de Georges APPARUT fait à Mirecourt au millésime de 1940 en modèle Charotte Millot,"
"",dont il porte une étiquette. Bon état. 348mm 1200/1500
23,Violon français province fait vers 1820. Légères restaurations. 359mm. 1000/1200
24,"Violon de Charles Jean-­‐Baptiste COLLIN MEZIN fils fait à Mirecourt au millésime de 1935, portant"
"",étiquette de Ch. J.B. Collin Mezin et signature. Assez bon état. 358mm. 1500/2000
25,"Violon de Paul BAILLY fait à Londres au millésime de 1890, portant étiquette et signatures à"
"",l'intérieur. Cassure sur la table non restaurée. 356mm. 5000/6000
26,"Archet de violon de POIRSON, signé, monté argent. 60g. Légère gerce baguette et joues tête un"
"",peu aplaties postérieurement. Bon état. 1300/1500
27,"Archet de violon de l'Ecole de SIMON fait dans le style de P. SIMON, monté argent. 52g, sans"
"",mèche ni garniture. Fentes base tête et hausse. Assez bon état. 500/1000
28,"Archet de violoncelle d'Albert NURNBERGER, signé, monté argent. 72g, avec garniture soie,"
"",bouton postérieur. Légère arrachure sous baguette et léger mastic pouce. Bon état. 1500/2000
29,"Archet de violon de L. MORIZOT Frères, signé A. Deblaye, monté maillechort. 60g, Nœud baguette"
"",et mastic niveau plaque tête. Bon état. 800/1000
30,"Archet de violoncelle d'Hippolyte Camille LAMY fils, signé, monté argent. 76g, avec mèche et"
"",garniture légères. Petite usure pouce et éclat sous hausse. Bon état. 5000/6000
31,"Archet de violon de François LOTTE, monté argent. 60g. Bon état. 800/1000"
32,"Archet de violon alto de Claude THOMASSIN, signé, monté maillechort. 62g, avec garniture argent"
"","fine. Eclat et fente hausse, talon et bouton postérieurs. Assez bon état. 2000/2500"
33,"Archet de violon d'Auguste BARBE, signé P. Serdet, monté argent. 57g5, avec mèche et garniture"
"",fines. Bon état. 2000/3000
34,"Archet de violon de l'Ecole de PAJEOT, monté argent -­‐ maillechort. Fendu et bloqué arrière, talon"
"",et virole arrière bouton manquants. Assez bon état. 1500/2000
35,Baguette d'archet de violon de J. GRAND ADAM. 36g. Mortaise endommagée sur l'arrière. Assez
"",bon état. 5000/6000
36,"Archet de violon d'Emile François OUCHARD Père, signé Lupot, monté maillechort. 58g5, sans"
"",garniture. Fente hausse et usure arrière. Assez bon état. 1000/1200
37,"Archet de violon de Nicolas MALINE, avec hausse remontée argent, amourette. 59g5. Bon état.1500/2000"
38,"Baguette d'archet de violoncelle de Charles Claude HUSSON, signée, hausse et bouton"
"","postérieurs montés maillechort. 75g, avec garniture légère. Fendue côté tête et arrière et bague"
"",de renfort. Assez bon état. 2000/3000
39,"Archet de violon de Charles Nicolas BAZIN, signé Tourte (marque de Laberte), monté maillechort."
"","52g, sans mèche ni garniture. Trou de vers rebouché sous la baguette. Très bon état. 800/1000"
40,"Archet de violoncelle de Claude THOMASSIN, signé, monté maillechort. 72g, avec garniture"
"",légère. Bon état. 6000/7000
41,"Archet de violon de Fr. LOTTE, signé Coné et fils à Lyon, monté maillechort. 59g5, avec mèche fine"
"",et sans garniture. Petites gerces sur nœud. Bon état. 800/1000
42,"Archet de violon de Jean Joseph MARTIN, signé Guarini, monté argent. 47g5, sans mèche ni"
"",garniture. Petit nœud et gerce arrière baguette. Assez bon état. 1500/2000
43,"Archet de violoncelle d'Auguste BARBE, signé Gand et Bernardel, monté argent. 70g, avec mèche"
"",et garniture fines. Gerce sous baguette. Assez bon état. 2000/3000
44,"Archet de violon de CUNIOT-­‐HURY/OUCHARD, monté maillechort. 52g, sans mèche et garniture"
"",légère. Bon état. 1000/1200
45,"Archet de violon de Claude THOMASSIN, signé Caressa et Français, monté argent. 49g, sans"
"",mèche et garniture soie. Bon état. 6000/7000
46,"Bel archet de violoncelle allemand 1920, monté argent, avec hausse de même époque. 70g, avec"
"",garniture argent légère. Bon état. 800/1000
47,Bel archet de violoncelle de J.T.L. fait en modèle à mèche interchangeable modifié
"","postérieurement, monté maillechort. 68g, sans mèche ni garniture. Fente début baguette. 1000/1500"
48,"Archet de contrebasse de Marcel LAPIERRE, signé Dupuy à Paris, monté argent. 128g. Trou de"
"",vers légèrement gercé. Bon état. 2000/2500
49,"Archet de violoncelle de Charles Nicolas BAZIN, signé ""Tourte"" (marque Laberte), monté"
"","maillechort. 62g, sans mèche ni garniture. Petite fente au dessus hausse. Bon état. 800/1000"
50,"Archet de violoncelle d'Eugène SARTORY, signé, monté argent. 69g5, avec garniture légère. Eclat"
"","hausse, usure arrière et petite brûlure baguette. Assez bon état. 12000/15000"
51,Violon fait par Victor AUDINOT à Mirecourt d'après le modèle de Bagatella et fini et vendu par
"",Georges Baillot à Paris en 1907. Bon état. 357mm. 1200/1500
52,"Violon fait par Jean-­‐Marc THEVENOT à Orléans au millésime de 1936, signé à l'intérieur sur le fond"
"",fait par J.M. Thevenot à Orléans 1936. Cassure sur la table. 358mm. 2000/3000
53,Violon de Charles Jean-­‐Baptiste COLLIN MEZIN fils fait à Mirecourt au millésime de 1952 en
"","modèle ""le Victorieux"", portant étiquette de Ch.J.B. Collin Mezin. Quelques restaurations sur la"
"",table. 357mm. 1000/1200
54,Violon fait à Mirecourt début XXème dans les ateliers LABERTE. Assez bon état. 358mm. 1500/2000
55,"Violon d'Hippolyte Chrétien SILVESTRE fait à Paris vers 1895 en modèle Guarnerius del Gesu,"
"",portant étiquette apocryphe d'H.C. Silvestre. Bon état. 351mm. 8000/10000
56,Violon de F. WALTON fait à Hauley au millésime de 1912 portant étiquette de Walton et signature
"",sur la table. Cassures sur la table. 360mm. 1200/1500
57,"Violon de Charles Jean-­‐Baptiste COLLIN MEZIN fils fait à Mirecourt au millésime de 1923, portant"
"",étiquette et signature de Collin-­‐Mezin. Assez bon état. 359mm 1500/2000
58,"Violon allemand XVIIIème, portant étiquette apocryphe de Stainer. Tête remplacée, différentes"
"",restaurations. 356mm. 2200/2500
59,"Violon de JEROME-­‐THIBOUVILLE LAMY fait à Mirecourt début XXème, portant étiquette"
"",apocryphe de Bergonzi. Bon état. 356mm. 1000/1200
60,"Intéressant alto de Léopold RENAUDIN fait à Paris au millésime de 1778, portant étiquette de"
"","Renaudin, signature à l'intérieur et marque au fer sous le talon. Quelques restaurations sur les"
"",éclisses et cassure d'âme sur la table non restaurée. 398mm. 10000/15000
61,"Violon de l'école allemande deuxième partie du XVIIIème, portant étiquette apocryphe d'Amati."
"",Différentes restaurations sur la table avec pièce et cassure sur le fond restaurée. 359mm. 1200/1300
62,"Violon XVIIIème probablement de l'école Flamande, portant étiquette apocryphe de Duke. Tête"
"",remplacée. Quelques restaurations. 359mm. 4000/5000
63,"Violon de Justin DERAZEY fait à Mirecourt vers 1875-­‐1880, portant étiquette Bonnel. Assez bon"
"",état. 366mm. 2000/2500
64,"Violon de GRAND-­‐GERARD fait à Mirecourt vers 1780, marqué au fer apocryphe de Chapuy."
"",Différentes restaurations. 360mm. 2000/2500
65,"Violon italien XVIIIème, table française XVIIIème et tête remplacées. Différentes restaurations,"
"",talon cassé et manche décollé. 348mm. 6000/8000
66,Intéressant violon français fait vers 1820/1830 de l'école d'Honoré Derazey. Tête remplacée.
"",Quelques restaurations dont une cassure de barre. 359mm. 2000/2500
67,"Violon de l'école allemande fait vers 1760-­‐1770, portant étiquette apocryphe d'Amatus. Tête"
"","remplacée, quelques restaurations dont une cassure d'âme au fond. 356mm 2000/2500"
68,Violon de Nestor AUDINOT fait à Paris au millésime de 1886 n°429 en modèle Maggini. Bon état.
"",361mm 4000/5000
69,Violon français fait vers 1770/1780. Légères restaurations. 355mm. 1200/1500
70,"Intéressant violon de Joseph HEL fait à Lille au millésime de 1894 n°365, portant étiquette de"
"","Joseph Hel, plusieurs signatures et marque au fer sur l'éclisse arrière. Bon état. 357mm. 12000/15000"
71,Violon Mirecourt XXème fait dans les ateliers LABERTE portant étiquette apocryphe de Moinel
"",Cherpitel. Légères cassures sur la table. 359mm. 800/1000
72,Violon de l'école française fait vers 1800. Eclisse arrière gauche remplacée. Quelques
"",restaurations. 356mm. 4000/5000
73,"Violon français fin XIXème fait dans le style de Chardon, portant étiquette Paris 1886. Bon état."
"",355mm. 2000/2500
74,Violon fait dans les ateliers COUESNON fini et vendu par Léon Bernardel. Bon état. 360mm. 1000/1200
75,"Violon de Tomaso EBERLE fait à Naples au millésime de 1771, portant étiquette de Tomaso"
"",Eberlé. Tête et éclisse avant gauche remplacées. Quelques restaurations sur la table dont une
"",pièce au niveau de l'âme. 354mm. 20000/25000
76,"Archet de violon de Carl Albert NURBERGER, signé + deux étoiles, monté argent. 57g5, avec"
"",garniture baleine. Usure arrière et éclat mortaise vis et écrou. Bon état. 1000/1500
77,"Baguette d'archet de violon de l'Ecole de VOIRIN, hausse et bouton de l'Ecole de BAZIN montés"
"","argent. 55g, avec mèche et garniture fines. Fente arrière tête. Assez bon état. 1500/2000"
78,"Baguette d'archet de contrebasse de H.R. PFRETZCHNER, avec hausse et bouton postérieurs de L."
"","J. MORIZOT Père montés maillechort. 120g, avec mèche fine et sans garniture. Légère usure"
"",arrière et sous garniture. Bon état. 1200/1500
79,"Archet d'alto de LABERTE, signé P. Mangenot, monté argent. 64g5, sans mèche, bouton plombé."
"",Petit talon manquant. Bon état. 1200/1500
80,"Archet de violon de Victor FETIQUE, signé, monté or. 60g. Légère usure pouce. Bon état. 8000/10000"
81,"Archet d'alto de LABERTE, vestige de signature de Paul Mangenot, monté argent, hausse"
"","postérieure. 67g, avec garniture argent fine. Bon état. 800/1000"
82,"Archet de violon de Pierre MALINE, signé P. Beuscher, monté argent. 63g5, avec mèche et"
"",garniture fines. Très bon état. 2000/2500
83,"Archet de violon de Joseph Arthur VIGNERON Père, signé, monté argent. 47g5, sans mèche et"
"",garniture soie. Fendu et bague arrière. Assez bon état. 3000/4000
84,"Archet de violon de Louis Joseph MORIZOT Père, signé Lupot, monté maillechort. 54g, avec"
"",mèche et garniture fines. Coup côté tête. Assez bon état. 1000/1200
85,"Archet de violon de Victor FETIQUE, signé, monté argent. 58g, avec mèche fine et sans garniture."
"",Petites marques fermoir boite collet. Bon état. 5000/6000
86,"Baguette d'archet de violoncelle de L. BAZIN, avec hausse moderne réajustée, monté argent. 76g,"
"",sans garniture. Bon état. 1000/1200
87,"Archet de violon de Louis THOMASSIN, signé Paul Blanchard, monté argent. 49g, sans mèche ni"
"","garniture. Pièce arrière tête et arrachure dessus tête, usure arrière baguette. Assez bon état. 1500/2000"
88,"Archet de violon de W.E. HILL and SONS fait par Leslie BAILY, monté argent. 62g. Petites gerces"
"",baguette d'origine. Bon état. 2500/3000
89,"Baguette d'archet de violon de François PECCATTE, signée, hausse et bouton de même époque"
"","montés maillechort. 43g5, sans mèche ni garniture. Bouton endommagé. Bon état. 15000/18000"
90,"Archet de violon d'Emile Auguste OUCHARD fils, signé, monté argent. 53g5, sans mèche et"
"",garniture soie. Bon état. 6000/7000
91,"Baguette d'archet de violon de Jean Joseph MARTIN, signée, hausse et bouton de même époque"
"","montés argent. 50g, avec garniture baleine. Petite gerce dessus tête. Assez bon état. 1000/1500"
92,"Archet de violon de Jean Joseph MARTIN, signé Hel, monté argent. 53g2, avec mèche fine et"
"","garniture cuir. Une virole dessoudée, bloqué arrière. Assez bon état. 1300/1500"
93,"Archet d'alto de l'Ecole de MAIRE/LAFLEUR, bois exotique monté maillechort. 57g5, sans mèche"
"",ni garniture. Petite pièce base tête. Bon état. 2000/3000
94,"Archet de violon de Louis BAZIN, signé, monté ivoire et argent. 62g. Gerce baguette. Bon état. 1000/1200"
95,"Archet de contrebasse de Pierre SIMON, signé Gand à Paris, monté maillechort. 123g, sans mèche"
"","ni garniture ni passant. Légère fente tête, fente arrière et bague. 8000/10000"
96,"Archet de violon d'Auguste BARBE, signé Gand et Bernardel, monté argent. 52g, avec garniture"
"","soie. Passant et bouton changés, usure arrière, fente arrière tête et éclats dessus tête. Assez bon"
"",état. 1000/1500
97,"Archet de violoncelle de l'Atelier de Fr. PECCATTE avec bouton de PAJEOT, amourette monté"
"","maillechort. 75g, sans mèche et garniture fil. Bon état. 3000/4000"
98,"Archet de violon de C.N. BAZIN, signé C. Bazin, monté argent. 53g8, avec mèche fine et garniture"
"",fil. Fente hausse. Assez bon état. 1200/1500
99,"Archet de violon d'Emile François OUCHARD, signé Cuniot-­‐Hury, monté argent. 56g5, avec"
"",garniture soie. Petit éclat hausse. Bon état. 800/1000
100,"Archet de violoncelle d'Etienne PAJEOT, monté maillechort. 80g. Petites gerces au début"
"",baguette. Bon état. Avec deux certificats de Bernard Millant 20000/25000
101,"Violoncelle fait dans les ateliers LAVEST à Montluçon au millésime de 1952. Déverni, petites"
"",cassures sur la table. 760mm. 1000/1500
102,Joli violoncelle de JEROME THIBOUVILLE LAMY fait à Mirecourt début XXème portant étiquette
"",apocryphe Gagliano. Cassure d'âme sur la table restaurée. 758mm. 5000/6000
103,Violoncelle français province fait vers 1840 portant étiquette apocryphe Nicolas. Quelques
"",restaurations sur la table dont une cassure d'âme au fond. 745mm. 1000/1200
104,"Violoncelle 7/8ème de Claude PIERRAY fait à Paris au millésime de 1710, portant étiquette"
"",originale de Claude Pierray. Nombreuses restaurations sur la table avec différentes pièces et
"",restaurations sur le fond et les éclisses. 720mm. 10000/15000
105,"Violoncelle d'Alphonse VAN HOOF fait à Anvers au millésime de 1929, portant étiquette de Van"
"",Hoof. Quelques cassures sur l'éclisse arrière gauche. 751mm. 5000/7000
106,"Violoncelle 3/4 de Louis GUERSAN fait à Paris vers 1740/1745, portant étiquette apocryphe de"
"","Guersan. Différentes restaurations, éclisse arrière droite changée. 692mm. 5000/7000"
107,"Violoncelle d'Amédée DIEUDONNE fait à Mirecourt au millésime de 1947 n°119, portant étiquette"
"",fait à Mirecourt par le maître luthier Amédée Dieudonné. Quelques restaurations sur la table.
"",756mm. 6000/8000
108,Intéressant et rare violoncelle 3/4 de Nicolas VUILLAUME fait à Mirecourt vers 1850 en modèle
"","Stentor, signé Stentor à l'intérieur et sur la coulisse arrière de la tête. Légères restaurations."
"",687mm. 4000/6000
109,"Violoncelle de Joseph Xavier JACQUET fait à Mirecourt vers 1840, marqué à l'intérieur X. Jacquet."
"","Quelques restaurations, piqures et traces de vers sur l'instrument. 755mm. 4000/5000"
110,"Intéressant violoncelle de Dominique DIDELOT fait à Mirecourt vers 1840, marqué au fer et signé"
"",à l'intérieur. Légères restaurations. 750mm. 10000/12000
110b,"Joli violon de Paul BLANCHARD fait à Lyon au millésime de 1897 n°416, portant étiquette,"
"",signature et marque au fer. Bon état. 357mm. 6000/6500
111,Contrebasse quatre cordes française province XIXème marquée au fer Sylvestre Neveu sur le
"",talon. Différentes restaurations et pièces manquantes sur le fond. 2500/3000
112,"Violon de Joseph AUBRY fait au Havre au millésime de 1933, signé à l'intérieur. Bon état. 359mm.2000/3000"
113,"Violon de l'école allemande fait à Mittenwald fin XVIIIème, portant étiquette de Kloz. Quelques"
"",restaurations dont une pièce sur le fond au niveau du talon. 356mm. 2000/2500
114,"Violon fait dans l'atelier de SIMOUTRE à Bâle en 1881, portant étiquette et signature de Simoutre."
"",Tête restaurée. 360mm. 1000/1500
115,"Violon d'Antonius et Hieronymus AMATI fait à Cremone vers 1625-­‐1630. Table, tête et quelques"
"",éclisses remplacées. Différentes restaurations sur la table et talon arraché. 351mm 20000/25000
116,"Joli violon de François BRETON fait à Mirecourt au millésime de 1822, portant étiquette et"
"",marque au fer de Breton. Assez bon état. 362mm. 1000/1500
117,"Violon de Jean LAVELLO fait à Paris au millésime de 1928 en copie de Montanari, portant"
"",étiquette de Lavello. Bon état. 361mm. 2000/2500
118,"Violon de Thomas James HOLDER fait à Paris au millésime de 1925, portant étiquette de T.J."
"",Holder Paris 1925. Cassure d'âme sur la table restaurée. 354mm. 1000/1200
119,"Violon de Jules MERCIOLLE fait à Paris vers 1920, portant marque au fer à l'intérieur. Bon état."
"",358mm. 3500/4000
120,"Violon d'Auguste Sébastien BERNARDEL dit Bernardel Père fait à Paris au millésime de 1843, signé"
"",et portant étiquette de Bernardel. Petite cassure d'âme sur la table restaurée. 362mm. 20000/25000
121,"Violon de Léon BERNARDEL fait à Paris au millésime de 1922 n°203, portant étiquette de Léon"
"",Bernardel et plusieurs marques au fer. Bon état. 356mm. 4500/5000
122,"Alto français fin XVIIIème fait à Paris, portant étiquette de Benoit Fleury. Tête remplacée."
"",Différentes restaurations. 397mm. 3000/4000
123,"Violon XIXème composite fait à Paris, fond fait dans le style d'Aldric vers 1820, éclisses"
"","remplacées XXème, table et tête faites à Paris vers 1850 dans le style de Charles Adolphe"
"",Maucotel. Portant une étiquette d'Aldric. Petite cassure d'âme sur le fond. 359mm. 3000/4000
124,Violon de Nicolas HARMAND fait à Mirecourt vers 1770/1775 avec son manche d'origine.
"",Quelques restaurations sur la table et éclisse. 363mm. 1200/1500
125,"Exceptionnel violoncelle de Jean-­‐Baptiste VUILLAUME fait à Paris au millésime 1866 n°2679,"
"","portant étiquette de Jean Baptiste Vuillaume, son paraphe et ses marques au fer. Légères"
"",cassures d'éclisses. 755mm. 120000/150000
126,"Archet de violoncelle de Louis BAZIN, signé, monté maillechort. 69g5. Fente hausse, gratte tête,"
"",usure arrière et petite fente sous hausse. Assez bon état. 800/1000
127,"Archet de violon de François LOTTE, signé, monté maillechort. 61g5. Bon état. 800/1000"
128,"Archet de violoncelle de Joseph Alfred LAMY, signé, monté argent. 56g5, sans mèche et garniture"
"",soie. Fendu et recollé centre. 1200/1500
129,"Archet de violon de Louis Joseph MORIZOT Père, signé P. Hel, monté maillechort. 57g, avec"
"",mèche et garniture fines. Bon état. 800/1000
130,"Baguette et bouton d'archet de violon de l'Ecole de TOURTE, avec hausse et bouton de Léonard"
"","TOURTE. 52g, avec garniture fil. Petite fente recollée hausse. Bon état. 12000/15000"
131,"Baguette d'archet de violoncelle faite en copie de l'Ecole de PECCATTE, avec hausse et bouton fin"
"","XIXème remontés argent. 67g, avec mèche fine et sans garniture. Assez bon état. 800/1000"
132,"Archet de violon de OUCHARD Père et fils, signé Renoux à Bourges, monté maillechort. 52g5, sans"
"",garniture et mèche fine. Bon état. 2000/3000
133,"Archet de violon de Joseph VOIRIN, signé, monté argent. 48g, sans mèche et garniture soie."
"",Petites fentes hausse. Bon état. 2000/2500
134,"Archet de violon de Louis MORIZOT Père, signé AUBRI à Paris, monté maillechort. 59g. Petite"
"",gerce devant mortaise de vis et écrou. Bon état. 1000/1200
135,"Archet de violon de François Nicolas VOIRIN, monté argent. 47g, avec mèche fine et sans"
"",garniture. Bon état. 4000/5000
136,"Archet de violon 1/2 de Justin POIRSON, signé Gand et Bernardel Frères, monté argent. 37g, sans"
"",mèche. Très bon état. 800/1000
137,"Baguette d'archet de violon de Nicolas SIMON dit ""SIMON Fr."", signé, hausse et bouton"
"","postérieurs montés maillechort. 53g5, sans mèche ni garniture. Tête un peu endommagée. Assez"
"",bon état. 1500/2000
138,"Bel archet de violoncelle de l'Ecole de BAUSCH, monté argent. 81g. Gerce baguette. Bon état. 1200/1500"
139,"Archet d'alto de L. MORIZOT Frères, signé, monté argent. 58g, sans mèche et garniture légère."
"",Bouton un peu pincé. Bon état. 800/1000
140,"Archet de violon d'Eugène SARTORY, signé, monté argent. 60g. Bon état. 11000/12000"
141,"Archet de violon d'Emile MIQUEL, signé F. Henry, monté maillechort, bouton postérieur. 56g8,"
"",avec garniture soie. Fente hausse. Assez bon état. 800/1000
142,"Baguette d'archet de violon de l'Ecole de PECCATTE, signé Henry, avec hausse et bouton de"
"",l'Ecole de BAZIN montés argent. 56g. Usure arrière avec mastic au dessus de la hausse et usure
"",dessus tête. Assez bon état. 1000/1500
143,"Archet de violon de Paul WEIDHASS, signé, monté argent. 52g, avec mèche fine et sans garniture."
"",Bon état. 1000/1500
144,"Archet de violon de L. MORIZOT Frères, signé Ch. Voiry, monté maillechort. 60g5. Coup de vent"
"","début baguette, petit éclat hausse et vernis oapque d'origine. Bon état. 800/1000"
145,"Archet de violoncelle de l'Ecole de LUPOT/PAJEOT, hausse et bouton en copie montés argent."
"","74g5, sans garniture. Eclat ébène hausse originale, petite pièce au niveau du pouce sur la"
"","baguette, trois pièces technique sous la garniture. Assez bon état. Fourni avec Hausses et boutons"
"",en copies. 5000/6000
146,"Archet de violon de W.E. HILL and SONS, signé H et S, monté argent. 59g. Usure et noeud arrière."
"",Assez bon état. 1000/1200
147,"Baguette d'archet de violon de l'Ecole de PECCATTE, hausse et bouton de l'Ecole d'ADAM-­‐"
"","PAJEOT, monté argent. 59g, avec garniture argent légère. Pièce devant mortaise vis et écrou et"
"",bouchon arrière. 3500/4000
148,"Bel archet de violon de l'Ecole de TOURTE fait dans le style de LAGROSSE. 45g6, sans mèche ni"
"",garniture. Bon état. 2500/3000
149,"Archet de violon de Louis BAZIN, monté maillechort. 52g, sans mèche et garniture soie. Mortaise"
"",vis et écrou un peu endommagée. Bon état. 800/1000
150,"Archet de violon de Dominique PECCATTE, monté maillechort. 60g. Petit talon refait. Assez bon"
"",état. 15000/18000
151,Violon de l'école de l'est fin XIXème portant marque au fer apocryphe de Tononi. Cassure d'âme
"",sur la table. 361mm. 800/1000
152,"Violon fin XVIIIème probablement de l'école allemande, portant étiquette apocryphe de Fratelli."
"",Assez bon état. 356mm 3500/4500
153,"Joli violon de LABERTE-­‐HUMBERT fait à Mirecourt vers 1930 en modèle d'Honoré Derazey,"
"",portant étiquette et marque au fer d'Honoré Derazey. Bon état. 359mm. 1500/2000
154,"Violon de Joseph BASSOT fait à Paris vers 1800-­‐1810, portant étiquette de Joseph Bassot. Tête"
"","remplacée, quelques restaurations et traces de vers sur le fond, vernis retouché. 358mm. 6000/8000"
155,"Violon de Joseph HEL fait à Lille au millésime de 1901 n°609 en modèle Guarnerius del Gesu,"
"","portant étiquette de Joseph Hel, plusieurs signatures sur la table et sur le fond et une marque au"
"",fer sur l'éclisse arrière. Assez bon état. 357mm. 10000/12000
156,"Violon de François CAUSSIN fait à Neufchâteau vers 1850, portant étiquette de Dalla Costa."
"",Légères restaurations. 353mm. 6000/8000
157,"Violon de Paul BAILLY fait à Paris vers 1900/1910, signé sur la table et sur le fond et portant"
"",étiquette de Paul Bailly. Quelques restaurations sur la table dont une cassure d'âme. 356mm 4000/4500
158,"Violon de l'école allemande fin XVIIIème début XIXème, portant étiquette de Franz Simann."
"",Différentes restaurations sur la table et traces de vers. 362mm. 1500/2000
159,Violon XXème fait en copie Guadagnini. Petite cassure près de la barre. 354mm 6000/8000
160,"Intéressant violon 1/2 italien fait vers 1760, portant étiquette apocryphe de Guadagnini 1752."
"",Tête remplacée plus récente. Différentes restaurations. 6000/8000
161,Violon français fin XIXème portant étiquette apocryphe d'Amatus fait dans le style de Collenot.
"",Assez bon état. 353mm. 1300/1500
162,Violon de Louis GUERSAN fait à Paris au millésime de 1751 dont il porte une étiquette. Différentes
"",restaurations et quelques traces de vers et verni abîmé sur le fond. 355mm. 2000/2500
163,Violon de JEROME THIBOUVILLE LAMY fait en modèle Louis Fricot. Bon état. 350mm. 1000/1200
164,Violon français province XIXème fait dans le style de Vissenaire Père. Assez bon état. 359mm. 2000/2500
165,"Violon de François LUPOT fait à Orléans vers 1775-­‐1780, marqué au fer sous le talon Lupot à"
"",Orléans. Quelques restaurations dont une cassure d'âme sur la table. 358mm. 8000/10000
166,"Violon français province fait vers 1775-­‐1780, portant étiquette apocryphe de Panormo. Quelques"
"",restaurations sur la table et manche d'origine décollé. 351mm. 2000/2500
167,"Violon de Paul KAUL fait à Paris au millésime de 1929 n° 179, portant étiquette et marque au fer à"
"",l'intérieur. Bon état. 360mm 2000/3000
168,"Violon de Silvio Vezio PAOLETTI fait à Florence au millésime de 1922, portant étiquette de Silvio"
"",Vezio Paoletti et marque au fer. Quelques restaurations et cassure de barre sur la table. 362mm.6000/7000
169,"Violon de Jean-­‐Baptiste Colin DUCHENE fait à Nancy vers 1860, marqué au fer à l'intérieur Colin"
"",Duchene à Nancy. Quelques restaurations. 361mm. 1000/1500
170,"Violon de Joseph HEL fait à Lille au millésime de 1889 n°206, portant plusieurs signatures et"
"",marque au fer de J. Hel sur l'éclisse arrière. Cassures sur la table restaurée. 357mm. 9000/11000
171,Alto petite taille de Jean-­‐Baptiste Colin DUCHENE fait à Nancy au millésime de 1888 portant
"",étiquette et marque au fer sur le talon. Cassure d'âme sur la table. 385mm. 1000/1200
172,"Violon XVIIIème composite, table italienne XVIIIème de l'école de Milan, fond, éclisses et tête de"
"","l'école allemande XVIIIème, portant étiquette apocryphe de Barbierus. Quelques restaurations."
"",351mm. 4000/6000
173,"Violon d'Amédée DIEUDONNE fait à Mirecourt au millésime de 1932 n°622, portant étiquette"
"",d'Amédée Dieudonné et marque au fer. Bon état. 355mm. 2500/3000
174,Violon de LABERTE HUMBERT fait à Mirecourt en modèle Santo Séraphin au millésime de 1928 n°
"","6303, portant étiquette de Laberte Humbert et étiquette apocryphe de Santo Séraphin. Assez bon"
"",état. 355mm. 1000/1200
175,"Joli violon de Paul BAILLY fait à Paris au millésime de 1901, portant signature sur le fond. Petit"
"",affaissement au niveau de l'âme. 352mm. 8000/10000
176,"Archet de violon de l'Ecole de VIGNERON, hausse de même époque montée argent. 61g. Petit"
"",nœud baguette et une virole bouton dessoudée. Bon état. 1000/1200
177,"Archet de violon de Prosper COLAS, monté argent. 55g5, sans mèche et garniture soie. Léger éclat"
"",hausse. Très bon état. 1300/1500
178,"Archet d'alto de l'Ecole de TOURTE, bois exotique. 52g, sans mèche ni garniture. Petites pièces"
"","devant et arrière mortaise vis et écrou, petite gerce arrière tête. Assez bon état. 2000/2500"
179,"Archet de violon de l'Atelier de PECCATTE, amourette monté maillechort. 61g, sans garniture."
"",Assez bon état. 800/1000
180,"Baguette d'archet de violon de Jacob EURY, hausse et bouton de même époque montés argent."
"","53g, avec garniture soie. Pièce d'origine baguette. Assez bon état. 8000/10000"
181,"Archet d'alto de J.T.L., signé Sarasate virtuose, monté argent. 63g, avec mèche et garniture fines."
"",Cheval de hausse. Assez bon état. 800/1000
182,"Archet de violon de Claude Joseph Théodore GUINOT, amourette monté maillechort, bouton"
"","postérieur. 57g5, sans mèche ni garniture. Fentes arrière. Assez bon état. 2000/3000"
183,"Archet de violon de Joseph Alfred LAMY Père, signé, monté argent, bouton et passant"
"","postérieurs. 54g, avec mèche et garniture fines. Gerce côté tête, fente hausse et usure arrière."
"",Assez bon état. 2000/3000
184,"Archet de violon de L. MORIZOT Frères, signé, monté argent, bouton de même époque. 53g, sans"
"","mèche et garniture fine. Eclats hausse et arrière baguette, nœud baguette. Assez bon état. 1000/1200"
185,"Archet de violon de Victor FETIQUE, signé, monté argent. 51g, sans mèche et garniture soie."
"",Petits coups de pupitre baguette et gerce arrière baguette. Bon état. 6000/8000
186,"Archet de violon de Jean Joseph MARTIN, monté maillechort. 53g2, avec mèche fine et sans"
"","garniture. Nœud baguette, petites morsures tête. Assez bon état. 1000/1200"
187,"Archet de violon de Prosper COLAS, monté maillechort. 47g5, sans mèche ni garniture. Petite"
"",fente arrière tête et éclat hausse. Bon état. 800/1000
188,"Archet de violon d'Emile François OUCHARD Père, signé Dodd, monté maillechort. 60g5. Très bon"
"",état. 1000/1500
189,"Bel archet d'alto de l'Ecole de C.N. BAZIN, bois exotique monté maillechort. 57g, sans mèche ni"
"",garniture. Bon état. 800/1000
190,"Archet de violoncelle d'Eugène SARTORY, signé, monté or. 75g.5, avec mèche fine. Très bon état.15000/18000"
191,"Bel archet d'alto de l'Ecole de MAIRE-­‐PECCATTE, bois de fer monté maillechort. 59g5, sans mèche"
"",ni garniture. Très bon état. 1000/1500
192,"Archet de violon de Jean Joseph MARTIN, signé Guarini, monté argent. 60g. Bon état. 4000/5000"
193,"Archet de violon de Emile François OUCHARD Père, signé ""Tourte L."", monté argent. 50g, sans"
"",mèche et garniture soie. Bon état. 1200/1500
194,"Archet de violon de CUNIOT-­‐HURY/OUCHARD, monté maillechort. 61g. Bon état. 800/1000"
195,"Archet de violon d'Eugène SARTORY vers 1895, monté maillechort. 52g5, sans mèche ni garniture."
"",Bon état. 4000/5000
196,"Hausse et bouton de J.T.L./MARTIN, montés argent, adaptés sur une baguette de même époque."
"","55g5, sans mèche ni garniture. Bon état. 1000/1200"
197,"Archet de violon de Louis Joseph MORIZOT Père, signé L. Bastien, monté maillechort. 56g5, sans"
"",mèche ni garniture. Bon état. 1000/1200
198,Baguette d'archet de violon de l'Atelier de Fr. PECCATTE. 38g5. Nœud baguette et enture sous
"",garniture. 1500/2000
199,"Archet de violon de l'Atelier de J.A. VIGNERON Père, monté maillechort. 50g5, sans mèche ni"
"",garniture. Petit nœud arrière et petite gerce dessous baguette. Bon état. 800/1000
200,"Baguette d'archet de violon de F.X. TOURTE, avec hausse et bouton postérieurs montés argent."
"","49g5, sans garniture et mèche fine. Mortaise vis et écrou rallongée, baguette légèrement amincie.20000/2500"
201,Violon grande taille de Louis Nicolas VISSENAIRE dit Vissenaire Père fait à Lyon au millésime de
"","1836, portant étiquette de Vissenaire Père et signature sur la table. Assez bon état. 366mm 700/800"
202,"Violon de Charles Jean Baptiste COLLIN-­‐MEZIN fils fait à Mirecourt au millésime de 1922, portant"
"",étiquette de Collin Mezin et signature. Bon état. 359mm. 1000/1500
203,Violon de Marc LABERTE fait à Mirecourt au millésime de 1921 n°89 en modèle de son
"","Stradivarius. Joint de fond décollé, cassure sur la table et touche manquante. 357mm. 1000/1500"
204,"Violon d'Oreste MARTINI fait à Mantoue au millésime de 1914, portant étiquette d'Oreste"
"",Martini. Cassure sur le fond restaurée. 355mm. 6000/8000
205,"Violon grande taille de Jean Baptiste VUILLAUME fait à Paris au millésime de 1831 n° 239, en"
"","modèle Maggini, portant signature sur la table et le fond. Eclisse arrière accidentée. 370mm. 5000/8000"
206,Violon de l'école allemande fait vers 1940. Bon état. 361mm 1200/1500
207,"Joli violoncelle 7/8ème français province fait vers 1770/1775, portant étiquette apocryphe de"
"",Louvet. Quelques restaurations dont une cassure d'âme sur la table. 8000/10000
208,"Violon d'Honoré DERAZEY fait à Mirecourt vers 1860, portant marque au fer à l'intérieur Honoré"
"",Derazey. Assez bon état. 359mm. 7000/8000
209,"Violon de Charles DROUIN fait à Paris vers 1900, portant étiquette apocryphe de Stradivarius."
"",Assez bon état. 358mm. 2500/3000
210,"Intéressant violon de Jacques Pierre THIBOUT fait à Paris au millésime de 1829, portant étiquette"
"",de Thibout. Assez bon état. 357mm. 15000/20000
211,"Très beau violon d'Ansaldo POGGI fait à Bologne au millésime de 1934, portant étiquette à"
"",l'intérieur et marque au fer à l'extérieur. Deux petites cassures sur la table au niveau du cordier
"",restaurée. 356mm. 25000/30000
212,Violon de J. Emile ZUST fait à Zurich vers 1920/1930 portant étiquette de J.E. Zust. Bon état.
"",358mm. 1500/2000
213,"Joli violon de Gustave VILLAUME fait à Nancy au millésime de 1934, n° 327 portant étiquette de"
"",Gustave Villaume et marque au fer sous le talon. Bon état. 358mm. 2000/2500
214,"Violon de LABERTE-­‐HUMBERT fait à Mirecourt vers 1920-­‐1930 en modèle Derazey, portant"
"",étiquette de Derazey. Bon état. 357mm. 2000/2500
215,"Violon de Nicolas François VUILLAUME fait à Bruxelles au millésime de 1871 n°334, portant"
"",étiquette de N.F. Vuillaume et marque au fer. Bon état. 356mm. 13000/15000
216,"Violoncelle de JEROME THIBOUVILLE LAMY fait à Mirecourt vers 1900 en modèle Buthod, portant"
"",étiquette de Buthod et J.T.L. Cassure d'âme sur la table non restaurée. 760mm. 3000/5000
217,"Intéressant violon de Louis Nicolas VISSENAIRE fait à Lyon vers 1850, portant étiquette apocryphe"
"",de Joseph Guarnerius. Cassures sur la table restaurées. 361mm. 5000/6000
218,"Violon français fait vers 1770-­‐1775, portant étiquette de Gavinies. Quelques restaurations dont"
"",une cassure d'âme sur la table. 353mm. 4000/4500
219,"ViolonMirecourt XXème, portant étiquette apocryphe de Vuillaume. Bon état. 358mm. 300/400"
220,"Intéressant violon de Giovanni GRANCINO fait à Milan vers 1690, portant étiquette de Grancino."
"","Table italienne XVIIIème remplacée probablement de l'auteur, FF de la table retouchés, tête"
"",remplacée et quelques restaurations. 355mm. 40000/50000
221,Joli violon Mirecourt fait dans les ateliers LABERTE vers 1920/1930 portant étiquette Barbet
"",Gragnier. Assez bon état. 360mm. 1000/1200
222,Violon de l'école allemande fin XVIIIème portant étiquette apocryphe Schorn. Tête remplacée.
"",Quelques restaurations. 358mm 1500/2000
223,"Violon de Joannes Anton GEDLER fait à Fussen au millésime de 1762, portant étiquette de Gedler."
"","Tête remplacée, quelques restaurations dont une cassure près de l'âme sur la table. 352mm. 4000/5000"
224,"Violon d'Ansaldo POGGI fait à Bologne au millésime de 1963, portant étiquette de Poggi,"
"",signature sur le fond et marque au fer sur l'éclisse arrière. Bon état. 356mm. 20000/25000
225,Beau violon de Giuseppe LUCCI fait à Rome au millésime de 1970 portant étiquette de Giuseppe
"",Lucci et marques au fer. Bon état. 355mm. Accompagné de son certificat d'authenticité d'origine.15000/18000
226,"Archet de violon de Louis Joseph MORIZOT Père, signé ""Tourte"", monté maillechort. 53g, sans"
"",mèche ni garniture. Bon état. 1200/1500
227,"Archet d'alto de Roger François LOTTE, signé, monté argent. 72g. Très bon état. 1000/1500"
228,"Archet d'alto de l'Ecole de PAJEOT, bois de fer monté ivoire et maillechort. 58g5, sans mèche ni"
"",garniture. Bon état. 1000/1500
229,"Archet de violon de Louis Joseph MORIZOT Père, monté maillechort. 58g, avec mèche et garniture"
"",fines. Bon état. 800/1000
230,"Archet de violon de Nicolas MAIRE, signé, monté maillechort. 59g2. Bloqué et fendu arrière. Bon"
"",état. 12000/15000
231,"Baguette d'archet de violon de l'Ecole de PECCATTE dans le style de SIMON FR., hausse et bouton"
"","de l'Ecole de BAZIN montés maillechort. 50g, sans garniture. Nœud baguette et hausse et réajusté"
"",arrière. Assez bon état. 1200/1500
232,"Baguette d'archet de violoncelle de l'Ecole de PAJEOT, hausse et bouton postérieurs montés"
"",argent. 72g. Pièce arrière baguette et fente hausse. 3000/4000
233,"Archet de violon de François Nicolas VOIRIN, signé Vuillaume à Paris, monté argent. 56g5, avec"
"",garniture soie. Enture de tête. Bon état. 3000/4000
234,"Intéressante baguette d'archet de violoncelle de l'Ecole de PECCATTE, bois exotique. 50g5. Léger"
"",éclat pointe et arrière. Bon état. 1000/1200
235,"Archet violoncelle de Jules FETIQUE, signé V. Fétique, monté argent. 84g. Légère usure arrière et"
"",hausse réajustée sous baguette. Bon état. 5000/6000
236,"Baguette d'archet de violoncelle de l'Ecole allemande 1950, signé ""H.R. Pfretzschner"", monté"
"","maillechort. 77g5, avec garniture soie. Fente hausse. Assez bon état. 800/1000"
237,"Archet de violon de Prosper COLAS, monté argent. 50g, sans mèche ni garniture. Léger éclat"
"",hausse. Bon état. 1000/1200
238,"Archet de violon de Joseph Alfred LAMY Père, monté argent. 58g, avec garniture argent légère."
"",Très bon état. 5000/6000
239,"Archet de violon de L. MORIZOT Frères, abeille monté maillechort. 53g, sans mèche ni garniture."
"",Eclats mortaise vis et écrou. Assez bon état. 800/1000
240,"Archet de violon de Jean GRAND ADAM, monté argent. 52g5, sans mèche ni garniture. Un éclat et"
"","bec du passant fendu, talon arrière manquant. Assez bon état. 15000/20000"
241,"Archet de violon de Paul Emile MIQUEL, monté maillechort. 51g5. Bon état 800/1000"
242,"Archet de violon de François LOTTE, signé Georges Apparut, monté argent. 51g, sans mèche et"
"",garniture soie. Légère gerce sous baguette. Bon état. 1000/1200
243,"Archet de violon de Marcel LAPIERRE, signé, monté argent. 63g. Bon état. 1000/1200"
244,"Archet de violon d'Emile François OUCHARD Père, signé, monté maillechort. 54g5. Bon état. 1000/1200"
245,"Archet de violon d'Emile Auguste OUCHARD fils, signé Lavest, monté argent. 54g5, sans mèche et"
"",garniture soie. Bon état. 4000/5000
246,"Archet de violon de François LOTTE, monté maillechort. 52g5, sans mèche et garniture soie."
"",Légers éclats hausse. Bon état. 800/1000
247,"Archet d'alto de Charles Alfred BAZIN, signé, monté argent. 65g, avec mèche et garniture fines."
"",Bon état. 1000/1500
248,"Archet de violon de Louis MORIZOT Père, signé S.E. Coiffier, monté argent. 58g5, sans garniture et"
"",mèche fine. Bon état. 1200/1500
249,"Archet de violon de Louis MORIZOT Père, signé E. Boulangeot à Lyon, monté argent. 53g8, sans"
"",mèche. Bon état. 800/1000
250,"Archet de violon de François PECCATTE, signé, monté argent. 61g. Trou de ver baguette. Bon état.18000/2000"
251,"Joli violon fait à Mirecourt vers 1920/1930 dans les ateliers LABERTE, portant étiquette apocryphe"
"",de Guarnerius. Assez bon état. 358mm 800/1000
252,"Violon français fait vers 1820, portant étiquette apocryphe de Pirot. Différentes restaurations et"
"",talon cassé. 362mm. 3500/4000
253,Violon fait dans les ateliers COUESNON à Mirecourt début XXème portant étiquette de Neurot.
"",Bon état. 357mm. 1000/1500
254,Violon français fait vers 1720/1730 avec son manche d'origine. Différentes restaurations sur la
"",table. 358mm. 5000/6000
255,"Violon de Sébastien VUILLAUME fait à Paris vers 1860 en modèle Guarnerius del Gesu, portant"
"",étiquette de Sébastien Vuillaume. Bon état. 353mm. 12000/15000
256,"Joli violoncelle de JEROME THIBOUVILLE LAMY fait à Mirecourt début XXème, portant étiquette"
"",apocryphe de Stradivarius. Petites cassures sur les éclisses. 754mm. 8000/10000
257,Violoncelle petite taille 7/8ème français province XVIIIème. Tête et éclisse remplacées. Quelques
"",restaurations et traces de vers. 704mm. 4000/5000
258,"Violon de François CAUSSIN fait à Neufchâteau vers 1860, portant étiquette apocryphe de San"
"",Seraphin. Cassure d'âme sur la table. 361mm. 3000/4000
259,Alto moderne de Zsolt FELEGYHAZY fait à Crémone en 1981. Bon état. 405mm. 2000/2500
260,Intéressant violoncelle d'Auguste Sébastien BERNARDEL dit BERNARDEL Père fait à Paris au
"","millésime de 1846, 156ème basse, portant étiquette de Bernardel et signature. Cassure d'âme et"
"",de barre sur la table restaurée. 757mm. 60000/70000
261,"Alto petite taille fait vers 1780/1790 à Mittenwald de la famille Kloz, portant étiquette Joseph"
"","Kloz. Tête restaurée, traces de vers sur le fond rebouchées. 385mm. 3000/4000"
262,"Joli violon de l'école allemande XVIIIème, portant étiquette apocryphe de Kloz. Quelques"
"",restaurations sur la table et FF retouchés. 357mm. 3000/4000
263,"Violon de Paul MANGENOT fait à Mirecourt vers 1930 en modèle Justin Derazey, portant"
"",étiquette de Derazey. Bon état. 360mm. 1500/2000
264,"Violon de Dominicus RIEF fait à Vils au millésime de 1806, portant étiquette de Dominicus Rief."
"",Quelques restaurations sur la table dont une cassure d'âme et une cassure de barre. 356mm. 5500/6000
265,"Intéressant violon de Charles RESUCHE fait à Bordeaux au millésime de 1900, portant étiquette"
"",de Charles Resuche et signature à l'intérieur. Assez bon état. 358mm. 6500/7000
266,Violon d'Emile BOULANGEOT fait à Lyon au millésime de 1921 en collaboration avec Georges
"","CONE, portant étiquette d'Emile Boulangeot et plusieurs marques au fer. Bon état. 355mm. 4000/5000"
267,"Violon de l'école allemande début XXème, portant étiquette apocryphe de Maggini. Assez bon"
"",état. 357mm. 300/400
268,"Violon de Charles RESUCHE et MEYNIEU fait à Bordeaux au millésime de 1903 n°927, portant"
"",étiquette et signature de Charles Résuche et Meynieu. Cassure sur la table. 356mm. 4500/5000
269,Violon d'Heinrich REINHOLD fait à Cassel au millésime de 1911 dont il porte une étiquette. Bon
"",état. 359mm. 3000/4000
270,Joli violon de Nicolas VUILLAUME fait à Mirecourt vers 1840/1845 portant étiquette de Nicolas
"",Vuillaume. Petite cassure près de la barre sur la table. 361mm. 10000/12000
271,Joli violon de LABERTE HUMBERT fait à Mirecourt au millésime de 1924 n°1530. Bon état. 357mm.1500/2000
272,"Violon de Léopold WIDHALM fait à Nuremberg vers 1770/1780, portant étiquette apocryphe de"
"",Stainer. Tête remplacée. Différentes restaurations sur la table. 356mm 4000/5000
273,"Joli violon 7/8ème de Charles Jean-­‐Baptiste COLLIN-­‐MEZIN Père fait à Paris au millésime de 1899,"
"",portant étiquette de Collin Mezin et signature. Bon état. 345mm 4000/5000
274,Violon français XXème fait en modèle Guarnerius del Gesu. Légères restaurations sur la table.
"",354mm. 1500/2000
275,Intéressant violon de Paolo DE BARBIERI fait à Gênes au millésime de 1937 en modèle Guarnerius
"","del Gesu, portant étiquette de Barbieri et plusieurs marques au fer. Bon état. 356mm. Ce violon"
"","est illustré dans le livre ""Originali modelli e copie"" édité à Crémone lors de la triennale de 2001.25000/28000"
276,"Archet d'alto de l'Ecole de PAJEOT en bois de fer. 57g, sans mèche ni garniture. Pièces ébène"
"",hausse et fentes arrière. Assez bon état. 800/1000
277,"Archet d'alto de Louis BAZIN, monté maillechort. 58g, sans mèche ni garniture. Bon état. 1000/1200"
278,"Bel archet de violoncelle de l'Ecole de LUPOT, avec hausse et bouton de Joseph René LAFLEUR,"
"",monté argent. 73g. Enture de pans 3000/4000
279,"Archet de violoncelle de l'Ecole allemande 1920, hausse de même époque montée argent. 67g5,"
"",sans mèche et garniture soie. Assez bon état. 800/1000
280,"Archet de violon de François PECCATTE, amourette monté maillechort. 60g. Bouchon arrière et"
"",fentes arrière. Bon état. 8000/10000
281,"Baguette d'archet de violon de Jean Joseph MARTIN, signé ... à Paris, avec hausse et bouton"
"","postérieurs montés maillechort ajustés sur la baguette. 51g, avec mèche fine et sans garniture."
"",Usure baguette arrière. Assez bon état. 800/1000
282,"Archet de violoncelle de l'Atelier de François PECCATTE, amourette monté maillechort. 56g, sans"
"",mèche ni garniture ni bouton. Bon état. 4000/5000
283,"Archet d'alto de Claude Charles Nicolas HUSSON, amourette maillechort. 70g5. Très bon état. 5000/6000"
284,"Archet de violon de Louis Joseph MORIZOT Père, signé Daniel Moinel, monté argent, bouton de"
"","même époque en maillechort. 55g5, avec garniture soie. Légère brûlure sous baguette et petite"
"",fente devant mortaise vis et écrou. Bon état. 800/1000
285,"Archet de violon de François PECCATTE, bois d'amourette monté maillechort. 50g, sans mèche ni"
"",garniture. Mortaise vis et écrou un peu rallongée. Bon état. 4000/5000
286,"Archet de violon de J.T.L., bois proche du pernambouc, monté argent. 54g, sans mèche ni"
"",garniture. Bon état. 800/1000
287,"Archet de violon d'Albert NURNBERGER, signé, monté argent. 61g. Petite pièce base hausse,"
"",usure niveau pouce et petit coup de pupitre. Assez bon état. 1200/1500
288,"Archet de violon de Victor FETIQUE, signé, monté argent. 60g5. Léger mastic pouce et petit éclat"
"",sous hausse. Bon état. 5000/6000
289,"Archet de violon 7/8 de l'Ecole de MAIRE, monté maillechort, bouton postérieur. 55g, sans mèche"
"","ni garniture. Mamelon et mortaise vis et écrou endommagés, fente devant mortaise vis et écrou,"
"",petit talon manquant et passant postérieur. Assez bon état. 1000/1200
290,"Archet de violon de Dominique PECCATTE, signé Peccatte + Paris, monté argent. 52g, sans"
"","garniture, clavette à la tête. Assez bon état. 8000/10000"
291,"Archet de violon de Louis Joseph MORIZOT Père pour Léon Bernardel, signé L.B., monté"
"","maillechort. 51g5, sans mèche et garniture soie. Légère arrachure, petit coup devant et nœud"
"",baguette. Assez bon état. 800/1000
292,"Baguette d'archet de violon de l'Ecole de TOURTE, hausse de Louis Simon PAJEOT, bouton"
"","postérieur, bois exotique. 45g, sans mèche ni garniture. Eclat et fente hausse, virole bouton"
"",manquante. Assez bon état. 1200/1500
293,"Archet de violoncelle de l'Atelier de LAFLEUR, monté maillechort. 74g. Pièce arrière sous la"
"","hausse et fentes hausse, passant neuf. Assez bon état. 3000/4000"
294,Baguette d'archet de violon de l'Ecole de MAIRE/PECCATTE. 39g. Bon état. 800/1000
295,Belle baguette d'archet de violon de Nicolas Léonard TOURTE faite en collaboration avec François
"",Xavier TOURTE. 31g. Bon état. 10000/12000
296,"Archet de violon de J.T.L., monté argent. 49g5, sans mèche ni garniture. Bon état. 800/1000"
297,"Archet de violon de Louis Joseph MORIZOT Père, signé J.P. Beuscher, monté argent avec le plat"
"",de passant en maillechort. 60g. Bon état. 1000/1500
298,"Baguette et bouton d'archet de violon de Charles Nicolas BAZIN, avec hausse postérieure montée"
"","maillechort. 56g, sans mèche et garniture fine. Viroles bouton dessoudées, passant manquant et"
"",petite gerce baguette. Assez bon état. 800/1000
299,"Archet de violon de CUNIOT-­‐HURY, signé Charles Brugère, monté maillechort. 58g. Bon état. 600/800"
300,"Archet de violoncelle de Dominique PECCATTE, signé, monté ébène et or. 81g5. Hausse modifiée"
"","par un cheval de hausse, la coulisse qui semble originale est stabilisée par une vis supplémentaire,"
"",et une petite doublure intérieure en or sur le devant du plat du passant. Bon état. 40000/50000
301,Violon de JEROME THIBOUVILLE LAMY fait à Mirecourt vers 1900 en modèle Buthod dont il porte
"",une étiquette. Bon état. 359mm. 800/1000
302,Joli violon de JEROME THIBOUVILLE LAMY fait à Mirecourt début XXème en modèle Vuillaume
"",dont il porte une étiquette apocryphe. Assez bon état. 359mm. 1200/1500
303,"Violon de Justin DERAZEY fait à Mirecourt vers 1865, travail inspiré de son père, portant marque"
"",au fer Jt. Derazey fils. Nombreuses restaurations sur la table dont une cassure d'âme et de barre.
"",357mm. 2000/2200
304,Joli violon d'Emile MENESSON dit GUARINI fait à Reims au millésime de 1885 n°1708. Cassure de
"",barre sur la table restaurée. 358mm. 3000/4000
305,"Violon XIXème, portant étiquette apocryphe Marconcini. Table remplacée, quelques"
"",restaurations. 357mm. 2000/2500
306,Violon fait dans les ateliers d'Amédée DIEUDONNE à Mirecourt vers 1930 portant étiquette
"",d'Emile POUZOL. Bon état. 353mm. 2000/2500
307,Violon d'Emile MENESSON dit Guarini fait à Reims au millésime de 1895 n°2775. Petite cassure
"",près de la barre et talon cassé. 358mm 1500/2000
308,"Violon de Charles François GAND dit Gand Père fait à Paris au millésime de 1840, portant"
"",étiquette de Gand. Table en trois pièces. Différentes restaurations dont une cassure d'âme sur le
"",fond. 359mm. 8000/10000
309,Intéressant violon de Rodolpho FREDI fait à Rome au millésime de 1907 pour ordre de Mr le
"",Chonoine. Eclisse et tasseau arrière décollés. 355mm. 5000/6000
310,"Alto petite taille d'Honoré DERAZEY fait à Mirecourt vers 1860, portant étiquette apocryphe de"
"",Stradivarius. Assez bon état. 386mm. 10000/12000
311,Violon de l'école allemande XVIIIème portant étiquette apocryphe de Kloz. Différentes
"",restaurations sur la table et sur le fond. 355mm. 1500/2000
312,"Violon de Victor QUENOIL fait à Massy au millésime de 1922, portant étiquette de Victor Quenoil."
"",Cassure sur la table. 356mm. 2500/3000
313,Joli violon de Gustave VILLAUME fait à Nancy au millésime de 1938 n°95 portant étiquette et
"",marque au fer sous le talon. Bon état. 356mm. 2000/2500
314,Violon de Charles BAILLY fait à Mirecourt au millésime de 1919 portant étiquette Leroy. Assez bon
"",état. 361mm. 1000/1200
315,Joli violon italien XVIIIème de l'école de Milan. Quelques restaurations sur la table. 355mm. 23000/25000
316,"Violon de Charles Jean-­‐Baptiste COLLIN MEZIN fils fait à Mirecourt au millésime de 1921, portant"
"",étiquette et signature de Collin Mezin. Bon état. 359mm. 1500/2000
317,Violoncelle de l'école allemande début XXème. Légères restaurations. 757mm. 2000/3000
318,Violon français province fait vers 1870/1880 de l'école de GRANDJON. Différentes restaurations
"",sur la table dont une cassure d'âme. 357mm. 1500/2000
319,Intéressant violoncelle XIXème. Différentes restaurations et vernis retouché sur la table. 740mm.9000/11000
320,"Violoncelle de Charles MERIOTTE fait à Lyon au millésime de 1760, portant étiquette et marque"
"",au fer sur le talon. Différentes restaurations et gerces sur le manche. 748mm. 10000/12000
321,"Violoncelle 3/4 Mirecourt fait dans les ateliers JEROME THIBOUVILLE LAMY début XXème, portant"
"",étiquette apocryphe de Stradivarius. Quelques restaurations sur la table. 600/700
322,"Violon de DITER et LORANGE fait à Marseille au millésime de 1930, portant étiquette de Diter et"
"",Lorange et signature. Petite cassure sur la table. 357mm. 3000/4000
323,"Violon de Georges APPARUT fait à Mirecourt au millésime de 1930 n°366, portant étiquette de"
"",Georges Apparut. Partie du coquillon de la tête manquante. Bon état. 353mm. 1000/1500
324,"Violon de Pierre HEL fait à Lille au millésime de 1924, portant étiquette et signatures. Petite"
"",cassure d'âme sur la table. 357mm 8000/10000
325,"Violon de Joseph COUTURIEUX fait à Mirecourt au millésime de 1837, portant étiquette de J."
"",Couturieux. Bon état. 357mm. 5000/6000
326,"Archet de violon de L. MORIZOT Frères, monté maillechort. 60g. Bon état. 800/1000"
327,"Archet d'alto de Charles Nicolas BAZIN, monté maillechort. 69g. Mamelon et pointe un peu"
"",endommagés. Bon état. 1000/1200
328,"Archet de violon de Pierre CUNIOT, monté maillechort. 53g, sans mèche. Bon état. 1200/1500"
329,"Archet de violon de l'Ecole de WEISHOLD, monté argent. 59g5. Bon état. 800/1000"
330,"Baguette d'archet de violon de Jacob EURY, hausse et bouton de Christian Wilhelm KNOPF"
"","montés argent. 57g5, sans mèche ni garniture. Baguette diminuée de longueur sur l'arrière et"
"",coup devant garniture. Bon état. 12000/15000
331,"Archet de violon de Pierre CUNIOT, monté maillechort. 51g5, sans mèche ni garniture. Bouton"
"",éclaté et léger éclat mortaise de vis et écrou. Bon état. 800/1000
332,"Archet d'alto de l'Ecole de PAJEOT, amourette monté maillechort. 70g. Bon état. 3000/4000"
333,"Baguette et bouton d'archet de violon de François PECCATTE, signé, hausse de même époque"
"",montée argent. Bon état. 20000/25000
334,"Archet de violon de C.N. BAZIN, monté maillechort. 53g, sans mèche. Très bon état. 800/1000"
335,"Archet de violon de l'Atelier de Nicolas MALINE, monté argent. 62g5. Léger éclat sous la hausse."
"",Bon état. 10000/12000
336,"Baguette d'archet de violon de l'Ecole de TOURTE dans le style de LEFEVRE, bois exotique, hausse"
"","et bouton postérieurs montés maillechort. 48g, sans mèche ni garniture. Baguette légèrement"
"",reprise sur l'arrière. Assez bon état. 800/1000
337,"Archet de violon de Charles Nicolas BAZIN, signé Leconte et Cie, monté argent. 62g. Petites gerces"
"",début baguette. 1500/1800
338,"Baguette d'archet de violon de l'Ecole de LUPOT, hausse et bouton postérieur montés ivoire,"
"","écaille et maillechort. 56g, avec garniture baleine. Petit éclat dessus tête. Assez bon état. 3000/4000"
339,"Belle baguette d'archet de violon de Charles Nicolas BAZIN, signée Brugere, avec hausse et"
"",bouton postérieurs montés maillechort. 58g. Fente sous hausse. Assez bon état. 1000/1200
340,"Baguette d'archet de violon de Nicolas MAIRE, hausse et bouton de même époque montés"
"",maillechort. 60g. Usure et fente arrière. Bon état. 15000/18000
341,"Bel archet de violon probablement fait par Gustave PRAGER, monté argent. 53g5, sans mèche et"
"",garniture soie. Bon état. 800/1000
342,"Archet de violon de DUCHENE II, bois exotique. 49g. Bon état. 2000/3000"
343,"Archet de violon de C.N. BAZIN, signé F.N.Voirin, monté argent. 54g5, avec garniture fine. Petit"
"",nœud baguette. Bon état. 2000/2500
344,"Archet de violoncelle de l'Ecole de VUILLAUME, monté argent avec bouton et passant postérieurs"
"","maillechort. 61g, sans mèche et garniture soie. Fente hausse et écrou déplacé, nœud gercé"
"",baguette. Assez bon état. 1000/1200
345,"Archet de violon de Claude THOMASSIN, signé, monté maillechort. 57g, avec garniture argent fin."
"",Petit nœud baguette et petites fentes hausse. Bon état. 5000/6000
346,"Archet de violon de Pierre MALINE, signé Augu et Lupot, monté maillechort. 54g5, sans garniture."
"",Bon état. 800/1000
347,"Archet de violon de Pierre MALINE, signé Feret Marcotte, monté maillechort. 59g. Bon état. 1200/1500"
348,"Baguette et bouton d'archet de violon de l'Ecole de PAJEOT, hausse postérieure montée argent."
"","55g, sans garniture et mèche fine. Bague de consolidation arrière. Assez bon état. 3000/4000"
349,"Baguette d'archet de violon d'Emile François OUCHARD Père, signé Tourte, avec hausse et bouton"
"","de L. MORIZOT Frères montés maillechort. 50g, sans mèche ni garniture. Assez bon état. 700/800"
350,"Archet de violon de Pierre SIMON, signé Vuillaume (Sébastien), monté argent. 52g, sans mèche et"
"",garniture soie. Léger fêle à la hausse. Bon état. 15000/20000
351,ViolonMirecourt XXème portant étiquette apocryphe Stradivarius. Assez bon état. 358mm 700/800
352,Joli violon d'Amédée DIEUDONNE à Mirecourt vers 1930 fini et vendu par Gallesi à Paris en 1931.
"",Bon état. 357mm. 2500/3000
353,Violon de Charles Jean-­‐Baptiste COLLIN MEZIN fils fait à Mirecourt au millésime de 1943 en
"","modèle ""le Victorieux"", portant étiquette et signature de Collin Mezin. Bon état. 359mm. 1000/1500"
354,"Violon allemand fait dans la deuxième partie du XVIIIème, portant étiquette apocryphe de"
"",Stainer. Quelques restaurations. 355mm. 3000/4000
355,Beau violon de Giuseppe LUCCI fait à Rome au millésime 1969 en modèle Guarnerius del Gesu
"",portant étiquette de Giuseppe Lucci et marques au fer. Bon état. 357mm. Avec certificat
"",d'authenticité d'origine 15000/18000
356,Violoncelle fait vers 1920/1930 portant étiquette Amati Mangenot. Assez bon état. 758mm 6000/7000
357,Violon fin XIXème marqué au fer J.D. sur le tasseau de devant. Assez bon état. 359mm. 1500/2000
358,Violoncelle de l'école allemande fin XIXème portant étiquette apocryphe de Maggini. Légères
"",restaurations. 755mm 1500/2000
359,"Violon de Charles Jean-­‐Baptiste COLLIN-­‐MEZIN fils fait à Mirecourt vers 1940, portant étiquette"
"",de Audebert. Bon état. 358mm. 1000/1500
360,Beau violon d'Albert DEBLAYE fait à Mirecourt en 1930 n°117 portant étiquette René Bernardel.
"",Bon état. 357mm. 2000/2500
361,"Violon d'Amédée DIEUDONNE fait à Mirecourt au millésime de 1935 en modèle Santo Séraphin,"
"",portant étiquette et signature d'Amédée Dieudonné. Bon état. 357mm. 1500/2000
362,"Violoncelle français province fait vers 1925-­‐1930, portant étiquette d'Albert Claudot. Quelques"
"",restaurations sur la table. 756mm. 6000/8000
363,"Violoncelle de LABERTE-­‐HUMBERT fait à Mirecourt vers 1920, portant étiquette et marque au fer"
"",de Breton. Assez bon état. 756mm. 7000/8000
364,Violon fait à Mirecourt dans les ateliers COUESNON en 1920 et vendu par Léon Bernardel dont il
"",porte une étiquette. Bon état. 355mm. 1000/1200
365,"Violoncelle de Charles QUENOIL fait à Bois du Pileu au millésime de 1932, portant étiquette de"
"",Charles Quenoil et marque au fer. Légères restaurations. 760mm. 10000/12000
366,"Violoncelle fin XIXème début XXème, portant étiquette apocryphe de Landolfi. Quelques nœuds"
"",d'origine sur le fond dont un au niveau de l'âme. 745mm. 5000/6000
367,"Violon Mirecourt fin XIXème, marqué au fer J. Derazey et portant étiquette apocryphe de"
"",Vuillaume. Légères restaurations. 359mm. 1000/1200
368,"Alto Mirecourt début XXème fait dans les ateliers JEROME THIBOUVILLE LAMY, portant étiquette"
"",Mansuy à Paris. Bon état. 402mm. 1000/1500
369,"Violon de l'école allemande seconde partie du XVIIIème, portant étiquette apocryphe de Zanoli."
"",Quelques restaurations. 358mm. 2000/2500
370,Joli violon de Joseph HEL fait à Lille au millésime de 1886 n°157 en modèle Guarnerius del Gesu
"",pour l'exposition d'Anvers. Petite cassure sur la table. 356mm. 15000/18000
371,"Violon de Victor QUESNOIL fait à Massy vers 1930 en modèle Kloz, portant étiquette exécuté par"
"",Victor Quesnoil. Bon état. 358mm. 1200/1500
372,"Violon de Roger et Max MILLANT fait à Paris au millésime de 1949 n°297, portant étiquette de R."
"",& M. Millant et marque au fer. Bon état. 354mm. 6500/7000
373,"Violon de Johann Christian VOIGT fait à Markneukirchen au millésime de 1798, portant étiquette"
"",de Voigt et marque au fer ICV. Quelques restaurations sur la table. 359mm. 2000/2500
374,"Violon d'Emile LAURENT fait à Bordeaux au millésime de 1924, portant étiquette d'Emile Laurent."
"",Bon état. 359mm 4000/5000
375,"Joli violon de CARESSA et FRANCAIS fait à Paris au millésime de 1906 n°192, portant étiquette de"
"",Caressa et Français et plusieurs marques au fer. Bon état. 356mm. Avec sa boite d'origine. 8000/10000
376,"Archet de violon de l'Ecole de PFRETZSCHNER, signé Millo, monté argent. 50g, sans mèche ni"
"",garniture. Bon état. 800/1000
377,"Archet de violon de Nicolas MALINE, bois exotique proche du pernambouc, monté ivoire et"
"","maillechort. 58g, sans mèche ni garniture. Bon état. 1000/2000"
378,"Archet de violoncelle de Paul Emile MIQUEL, monté argent. 60g5, sans mèche ni garniture. Fentes"
"",hausse et usure baguette et hausse au pouce. Assez bon état. 1000/1200
379,"Archet de violoncelle de l'Ecole française de la fin du XIXème en bois proche du pernambouc. 67g,"
"",sans mèche ni garniture. Bon état. 800/1000
380,"Baguette d'archet de violon de l'Atelier de N. MAIRE, avec hausse et bouton en copie montés"
"",argent. 61g5. Acidifiée postérieurement. Bon état. Avec certificat de B. Millant et Jean François
"",Raffin 10000/12000
381,"Archet de violon de J.T.L., signé Blondelet, monté argent. 50g5, sans mèche et garniture légère."
"",Légèrement relimé milieu baguette. Bon état. 800/1000
382,"Baguette d'archet de violon de l'Ecole de LUPOT, hausse de François LUPOT II et bouton en copie"
"","montés argent. 53g5, sans garniture. Bon état. 3000/4000"
383,"Archet de violon de Nicolas DUCHENE II, bois exotique. 54g, sans garniture. Légère gerce devant"
"","mortaise vis et écrou, fente hausse. Bon état. 2000/3000"
384,"Archet de violon de CUNIOT-­‐HURY, signé, monté argent. 49g5, sans mèche et garniture soie."
"",Fendu arrière et bouchon de consolidation. Assez bon état. 800/1000
385,"Archet de violon de Friedrich WUNDERLISCH, signé J. Zimmermann, monté écaille et or. Doublure"
"",d'écaille au niveau du passant. Bon état. 4000/4500
386,"Baguette d'archet de violoncelle de François LUPOT II, hausse et bouton postérieurs montés"
"","maillechort. 61g, sans mèche ni garniture. Fendu et consolidé à la tête, différentes pièces arrière"
"",et bague. 500/1000
387,"Archet de violon de Justin POIRSON, signé, monté maillechort, bouton de même époque. 58g5."
"",Assez bon état. 1000/1200
388,"Archet de violon de L. MORIZOT Frères, monté maillechort. 60g5. Légères gerces baguette. Bon"
"",état. 1000/1200
389,"Baguette d'archet de violon de Louis Joseph MORIZOT Père, signée Lupot, hausse de Louis BAZIN"
"","et bouton de même époque, montés argent. 57g, avec garniture argent légère. Bon état. 1000/1200"
390,"Archet de violon de Dominique PECCATTE, abeille monté maillechort. 59g5, avec garniture soie."
"",Très bon état. 8000/10000
391,"Archet de violon de François LOTTE, signé Gustave Villaume, monté argent maillechort, bouton de"
"","même époque. 51g5, sans mèche ni garniture. Petit nœud baguette. Bon état. 600/800"
392,"Archet de violon de Victor FETIQUE, signé, monté maillechort. 53g5, sans mèche et garniture soie."
"",Légers éclats ébène hausse. Assez bon état. 3000/4000
393,"Baguette d'archet de violoncelle de Charles Nicolas BAZIN, signé Darche, hausse et bouton"
"",postérieurs montés argent. 82g. Assez bon état. 1200/1500
394,"Archet de violon de Paul Emile MIQUEL, signé, monté maillechort. 47g, sans mèche et garniture"
"",fil. Bon état. 1000/1200
395,"Archet d'alto de Victor FETIQUE, signé, monté argent. 71g. Très bon état. 10000/12000"
396,"Bel archet de violoncelle de l'Ecole de MAIRE-­‐PAJEOT, bois exotique, monté maillechort. 73g,"
"",sans mèche ni garniture ni bouton. Légères gerces baguette. Bon état. 800/1000
397,"Archet de violon de LABERTE, signé G. Fournier, monté argent. 59g5, avec garniture soie. Petits"
"",nœuds baguette. Très bon état. 1200/1500
398,"Archet de violon de Charles Nicolas BAZIN, monté maillechort. 55g5, avec mèche fine et garniture"
"",soie. Petit coup côté tête. Bon état. 1000/1200
399,"Baguette d'archet de violon de L. MORIZOT Frères, signé P. Hel, hausse et bouton de CUNIOT-­‐"
"",HURY montés argent. 61g5. Petit coup côté tête. Bon état. 800/1000
400,"Archet de violon de Claude THOMASSIN, signé, monté or. 57g, avec garniture argent fine. Très"
"",bon état. 14000/15000
401,"Violon de Marc LABERTE fini et vendu par Jean Frédéric Schmitt à Lyon en 1974, portant étiquette"
"","""dernier violon de Marc LABERTE "". Assez bon état. 358mm. 1500/2000"
402,"Alto petite taille de Joseph CHAROTTE-­‐MILLOT fait à Mirecourt vers 1830, portant étiquette de"
"",Charotte-­‐Millot. Assez bon état. 383mm. 1500/2000
403,Violoncelle de JEROME THIBOUVILLE LAMY fait à Mirecourt vers 1900. Assez bon état. 750mm.3000/4000
404,Violon de Charles Jean-­‐Baptiste COLLIN MEZIN fils fait à Mirecourt au millésime de 1956 n°28.
"",Bon état. 361mm 1000/1500
405,Violon fait probablement par Guido TEDESCHI au millésime de 1932. Assez bon état. 357mm. 1500/2000
406,Violon allemand fin XVIIIème portant étiquette de Georg Hornsteiner. Légères restaurations.
"",356mm. 3000/4000
407,"Violon fait dans les ateliers de Jules LAVEST à Montluçon au millésime de 1941 n°49, portant"
"",marque au fer et signature de Lavest. Assez bon état. 358mm. 1000/1500
408,Violon de François BRETON fait à Mirecourt au millésime de 1819. Fond décoré. Bon état. 362mm.1000/1500
409,"Violon fait dans l'atelier de Mario MACCAFERRI fait à Cento au millésime de 1924, portant"
"",étiquette et marque au fer sur la table. Cassure sur la table. 358mm. 1000/1500
410,Violon de l'école allemande fait vers 1800 portant étiquette apocryphe d'Albanus. Quelques
"",restaurations. 356mm. 2000/2500
411,Alto XXème verni et vendu par Lucien Greilsamer en 1926. Assez bon état. 398mm. 1000/1500
412,Violon allemand fin XVIIIème. Légères restaurations. 357mm. 2500/3000
413,"Violon fait dans l'atelier de Paul JOMBAR à Paris vers 1910/1915 en modèle Guarnerius del Gesu,"
"",portant étiquette fait sous la direction de Paul Jombar. Petite cassure sur la table. 359mm. 1000/1500
414,"Intéressant violon de Georg HOSP fait à Mittenwald au millésime de 1771, portant étiquette de"
"",Georg Hosp. Quelques restaurations sur la table. 356mm. 4000/5000
415,"Violon allemand fait vers 1770/1780, portant étiquette Knilling. Différentes restaurations sur la"
"",table. 359mm. 4000/5000
416,"Intéressant violon de JEROME THIBOUVILLE LAMY fait à Mirecourt au millésime de 1910, portant"
"",étiquette Acoulon. Bon état. 357mm. 1000/1500
417,"Violon fait dans les ateliers COUESNON à Paris vers 1900, portant étiquette de Couesnon. Cassure"
"",sur l'éclisse arrière. 357mm. 1000/1500
418,"Violon d'Arsène CARBONNIER fait à Paris au millésime de 1891 en copie de Stradivarius, signature"
"",à l'intérieur sur le fond. Petite cassure sur la table. 359mm. 1500/2000
419,ViolonMirecourt XXème fait dans les ateliers LABERTE. Assez bon état.358mm 600/800
420,Violon français province XIXème portant étiquette apocryphe de Gand. Différentes restaurations
"",sur la table. 362mm. 1000/1500
421,Violon Mirecourt XIXème portant étiquette apocryphe d'Amatus. Quelques restaurations sur la
"",table. 360mm. 500/600
422,"Intéressant violon d'Honoré DERAZEY fait dans sa toute première période à Mirecourt vers 1820,"
"",portant marque au fer H. Derazey. Piqûre de vers sur le manche. 361mm 1500/2000
423,ViolonMirecourt XXème portant étiquette Didelot. Assez bon état. 358mm 600/800
424,Violon fait vers 1920/1930 portant étiquette de Giacchetti. Quelques restaurations et vernis
"",abîmé. 356mm. 1500/2000
425,Violon XVIIIème portant étiquette apocryphe Carcassi. Table remplacée plus récente. Légères
"",restaurations. 357mm. 3000/4000
426,"Archet de violon de Charles Nicolas BAZIN, monté maillechort. 59g5, avec garniture argent fine."
"",Léger mastic dessus tête. Bon état. 800/1000
427,"Archet de violon de Charles Nicolas BAZIN, signé Charles Brugère, monté maillechort. 60g5."
"",Coulisse et mortaise vis et écrou un peu endommagées. Bon état. 1000/1200
428,"Archet de violon de L. BAZIN, monté maillechort. 60g5. Bon état. 1500/1800"
429,"Archet de violon de l'Ecole de PAJEOT, monté maillechort. 60g5. Bon état. 1000/1500"
430,"Baguette d'archet de violon de l'Ecole de TOURTE dans le style de Léonard, hausse ivoire de"
"","François Xavier TOURTE, bouton postérieur. 54g5. Mortaise vis et écrou un peu rallongée. Bon"
"",état. 10000/12000
431,"Baguette d'archet de violoncelle de l'Atelier de SIMON, hausse et bouton postérieurs montés"
"",maillechort. 69g5. Assez bon état. 800/1000
432,"Baguette et bouton d'achet de violon de Louis Joseph MORIZOT Père signée Dupuy, avec hausse"
"",XIXème écaille et or. 61g5. Léger fêle collet baguette et bouchon arrière. Assez bon état. 1000/1500
433,"Archet de violoncelle de Marcel LAPIERRE, signé, monté argent. 83g. Petite fente arrière, remonté"
"",argent. Bon état. 1500/2000
434,"Archet de violon d'Emile François OUCHARD Père, monté maillechort. 58g5. Hausse réajustée"
"",sous baguette. Assez bon état. 800/1000
435,"Archet de violon de Nicolas DUCHENE II, bois exotique, bouton postérieur. 50g, sans mèche ni"
"",garniture. Bon état. 4000/5000
436,"Archet de violoncelle de l'Ecole de GAULARD, amourette. 82g. Bon état. 800/1000"
437,"Baguette d'archet de violon de l'Ecole de PAJEOT, hausse et bouton de l'Ecole de BAZIN. 48g, sans"
"",mèche ni garniture. Léger éclat base tête et sous hausse. Assez bon état. 1000/1200
438,"Archet de violon de L. MORIZOT, signé, monté maillechort. 55g5, avec mèche et garniture fine."
"",Légère gerce d'origine. Bon état. 1000/1200
439,"Archet de violon de l'Ecole de WEISCHOLD, signé illisible, monté argent. 59g5. Légère usure"
"",arrière. Bon état. 800/1000
440,"Archet de violoncelle de Victor FETIQUE, signé, monté argent. 82g. Bon état. 6000/8000"
441,"Archet de violon de Louis GILLET, bouton de même époque, monté maillechort. 60g. Légère pièce"
"",à la pointe. Bon état. 1000/1200
442,"Archet de violoncelle de Charles Nicolas BAZIN, signé Darche à Bruxelles, monté argent. 78g5."
"",Petit nœud baguette. Bon état. 1500/2000
443,"Archet de violon de François LOTTE, signé Gustave Villaume, monté argent. 54g, sans mèche et"
"",garniture soie. Assez bon état. 1200/1500
444,"Archet de violon de L. MORIZOT Frères, signé, monté argent. 59g, sans mèche. Légère arrachure"
"",baguette et fente hausse. Bon état. 800/1000
445,"Archet de violon de E.A. OUCHARD, signé Gustave Villaume, monté argent. 59g, sans garniture."
"",Bon état. 4000/5000
446,"Archet de violon allemand 1950, monté or 14K. 51g, sans mèche ni garniture. Bon état. 1000/1200"
447,"Intéressant archet d'alto de l'Ecole de VOIRIN, monté argent. 65g5, avec mèche et garniture fines."
"",Très bon état. 1500/2000
448,"Archet d'alto de l'Ecole de PAJEOT, amourette monté maillechort. 67g5, sans mèche ni garniture."
"",Asse bon état. 1200/1500
449,"Archet de violoncelle de Pierre MALINE, monté argent. 66g5, sans mèche ni garniture. Eclats"
"",ébène hausse. Assez bon état. 1000/1200
450,"Archet de violon de Claude THOMASSIN, signé, monté écaille et or. 59g5. Doublure ébène sous le"
"","passant, très léger coup de vent baguette. Bon état. 8000/10000"
451,Violon 7/8ème français province fait vers 1750 avec son manche d'origine portant étiquette
"",apocryphe Ruggerius. Différentes restaurations et traces de vers. 345mm. 400/500
452,Violon fait dans les ateliers d'Emile MENESSON à Reims au millésime de 1877 n°864. Cassures sur
"",la table. 356mm 1200/1500
453,Violon de Léonidas NADEGINI fait à Paris au millésime de 1927 en copie de Postiglione dont il
"","porte une étiquette apocryphe, signature de Nadegini à l'intérieur sur le fond. Légères"
"",restaurations sur la table. 356mm. 2000/2500
454,"Violon de Paul LORANGE fait à Marseille au millésime de 1950, portant signatures sur la table,"
"",l'éclisse et marqué au fer sur le tasseau du haut et le fond. Bon état. 357mm. 2500/3000
455,"Joli violon de Paul BLANCHARD fait à Lyon au millésime de 1912 n°831, en modèle Guarnerius"
"","desl Gesu, portant étiquette, marque au fer et signature. Bon état. 357mm. Avec sa boite"
"",d'origine. 7500/8000
456,"Violon de Nicolas Rémy DUPARGE fait à Mirecourt vers 1770, marqué au fer sous le talon. Tête"
"","remplacée du XVIIIème, FF retouchés et quelques restaurations. 357mm. 2500/3000"
457,"Violon de Jules CHENANTAIS et LE LYONNAIS fait à Nantes au millésime de 1925 n°64, portant"
"",étiquette de Chenantais et Le Lyonnais et signatures sur le tasseau de devant et de derrière. Bon
"",état. 360mm. 2000/2500
459,"Violon de Charles LE LYONNAIS fait à Nantes au millésime de 1938 n°199, portant étiquette de Le"
"",Lyonnais et signature sur le tasseau de devant. Bon état. 358mm. 2000/2500
460,"Violon de Wilhelm Thomas JAURA fait à Vienne au millésime de 1914 n°235, portant étiquette et"
"",signature sur la table de Jaura. Bon état. 358mm. 7000/8000
461,"Violon Mirecourt début XXème fait dans les ateliers LABERTE en modèle Guadagnini, portant"
"",étiquette apocryphe de Guadagnini. Bon état. 359mm 800/1000
462,"Violon fait dans l'atelier de Pierre VERON à Paris vers 1710-­‐1715, portant étiquette apocryphe de"
"",Pierray. Quelques restaurations et ff rebouchées et retaillées. 358mm. 3000/3500
463,Violon Mirecourt début XXème fait dans les ateliers LABERTE en modèle Vuillaume dont il porte
"",une étiquette apocryphe. Bon état. 360mm. 700/800
464,"Violon de SCHWARTZ Frères fait à Strasbourg au millésime de 1841, portant étiquette de"
"",Schwartz Frères. Assez bon état. 358mm. 6000/8000
465,"Violoncelle de Gérard MANGIN fait à Mirecourt vers 1830/1840, marqué à l'intérieur Gérard"
"",Mangin. Légères restaurations. 746mm. 9000/11000
466,"Intéressant violon fait vers 1700-­‐1710 probablement à Turin, portant étiquette apocryphe"
"",d'Amati. Différentes restaurations. 355mm. 6000/7000
467,"Violon de JEROME THIBOUVILLE LAMY fait à Mirecourt début XXème, portant étiquette"
"",apocryphe Stradivarius et étiquette Jérome Thibouville Lamy. Assez bon état. 357mm. 400/500
468,"Violon de Charles Jean Baptiste COLLIN MEZIN fils fait à Mirecourt au millésime de 1921, portant"
"",étiquette et signature de Collin Mezin. Cassure sur la table. 357mm. 1500/2000
469,"Intéressant alto de Paul BAILLY fait à Paris au millésime de 1900 n°1070, portant étiquette et"
"",signature de Paul Bailly. Cassures sur la table. 412mm. 8000/10000
470,Violon français fait vers 1920 portant étiquette apocryphe de Paul Bailly. Assez bon état. 358mm.1000/1500
471,Joli violon allemand fait vers 1770 portant étiquette apocryphe de Stainer. Quelques
"",restaurations sur la table et la tête. 354mm. 3000/3500
472,"Violon de Charles BRUGERE fait à Paris au millésime de 1914 n°209, portant étiquette de Charles"
"",Brugère et également des signatures et marques au fer. Cassures sur la table restaurées. 358mm.4000/4200
475,"Archet de violon de Louis BAZIN, signé, monté maillechort. 57g, sans garniture. Bon état. 1000/1200"
476,"Baguette d'archet de violon de Charles Nicolas BAZIN, signée, hausse et bouton de même époque"
"","monté maillechort. 44g, sans mèche ni garniture. Bloquée arrière. Assez bon état. 1000/1200"
477,"Baguette d'archet de violon de Louis BAZIN, avec hausse de LAPIERRE, montée argent. 51g5, sans"
"",mèche ni garniture ni bouton. Assez bon état. 1000/1200
478,"Archet de violon de Justin POIRSON, monté argent. 56g, sans mèche et garniture soie. Eclat ébène"
"",hausse. Assez bon état. 1200/1500
479,"Archet de violon de CUNIOT-­‐HURY, signé ""C. Bazin"", monté maillechort. 54g, avec mèche fine et"
"",sans garniture. Bon état. 800/1000
480,"Archet de violon de François Nicolas VOIRIN, signé, monté argent, bouton de même époque. 57g,"
"",avec garniture argent légère. Bon état. 5000/6000
481,"Archet de violoncelle de Charles Nicolas BAZIN, monté maillechort. 59g, sans mèche ni garniture."
"",Bon état. 800/1000
482,"Archet de violon de L. BAZIN, signé Vanelli, monté maillechort. 50g, sans mèche et garniture soie."
"",Légers coups baguette. Bon état. 1200/1500
483,"Archet de violon de Joseph VOIRIN, signé, amourette bouton de même époque monté"
"","maillechort. 55g, sans mèche ni garniture. Petite arrachure sous garniture, mortaise vis et écrou"
"",un peu rallongée. 1200/1500
484,"Archet de violon de Louis BAZIN, signé Vanelli, monté maillechort. 49g5, sans mèche ni garniture."
"",Bon état. 1000/1200
485,"Archet de violon de Charles Joseph Nicolas GUINOT, amourette, bouton de même époque,"
"",monté maillechort. 61g5. Assez bon état. 3000/4000
486,"Archet de violon de J.T.L., signé J. Fournier, monté argent. 60g. Bon état. 1000/1200"
487,"Archet de violon de CUNIOT-­‐HURY, signé, monté argent. 52g, sans mèche et garniture fine. Bon"
"",état. 1000/1200
488,"Archet de violoncelle de Louis Joseph MORIZOT Père, signé, monté argent. 77g5, avec garniture"
"",argent fine. Bon état. 1500/2000
489,"Baguette d'archet d'alto de Louis Joseph MORIZOT Père, signé ""Victor Fétique"" apocryphe,"
"","hausse et bouton de Pierre MALINE, montés argent. 59g, sans mèche ni garniture. Bon état. 1000/1200"
490,"Archet de violon de Jules FETIQUE, signé Caressa et Français Paris, monté maillechort. 54g5 avec"
"",mèche fine. Petit nœud gercé baguette. Bon état. 4000/5000
491,"Baguette d'archet de violon de L. MORIZOT Père, signé P. Beuscher, avec hausse et bouton de"
"","Roger François LOTTE montés argent. 61g. Fente arrière baguette, petite arrachure côté tête. Bon"
"",état. 1200/1500
492,"Archet de violon de François Jude GAULARD, bois exotique. 55g. Bon état. 1500/2000"
493,"Archet de violon de Charles Alfred BAZIN, signé, monté argent. 65g5. Petite trou de vers"
"","rebouché, petite pièce base tête. Bon état. 1000/1200"
494,"Archet de violon d'André GRANIER, signé, monté argent. 48g, sans mèche et garniture soie. Bon"
"",état. 1000/1200
495,"Bel archet de violoncelle de l'Ecole de TOURTE fait dans le style de Nicolas PIERRE, bois exotique."
"",80g. Fente hausse. Bon état. 4000/5000
496,"Archet de violon d'ADAM Père et fils, signé, monté ivoire maillechort. 56g5, sans garniture. Tête"
"",cassée. 1000/2000
497,"Archet de violon de Louis GILLET, signé Dupuy à Paris, monté argent. 60g5. Usure arrière et trace"
"",de mortaise vis et écrou. Assez bon état. 2500/3000
498,"Baguette d'archet de violon de Louis MORIZOT Père, hausse et bouton postérieurs montés"
"","maillechort. 63g5,s ans mèche ni garniture. Assez bon état. 1200/1500"
499,"Archet de violon de Jules FETIQUE, signé Caressa et Français, monté argent. 65g. Bon état. 4000/5000"
