"",VICHY ENCHERES,
"",Mes Guy et Etienne LAURENT – Commissaires-­‐priseurs,
"","16, Avenue de Lyon – 03200 – VICHY",
"",Tél : 04-­‐70-­‐30-­‐11-­‐20 -­‐ Fax : 04-­‐70-­‐30-­‐11-­‐29,
"",Email : vichy.encheres@gmail.com,
"",www.interencheres.com,
"",Mercredi 8 Juin 2011 à 14h,
"",Instruments du quatuor,
"",Experts :,
"",Mr Jean-­‐Jacques RAMPAL -­‐ Mr Jean-­‐François RAFFIN,
500,ViolonMirecourt XXème portant étiquette apocryphe de Stradivarius. Bon état. 358mm.,500
501,"Archet de violon de l'Atelier de J.J. MARTIN, bois d'abeille monté maillechort. 52g5, sans mèche ni",
"",garniture ni bouton. Bloqué arrière. Assez bon état.,200
502,"Violon fait vers 1900 en copie Duffopriggar, décor sur le fond, tête humaine. Assez bon état. 365mm.",300
503,"Baguette d'archet de violon faite dans le style de F. PECCATTE, hausse et bouton de l'Ecole de BAZIN",
"","montés argent. 49g2, sans mèche ni garniture. Assez bon état.",400
504,Violon Mirecourt XXème fait dans les ateliers COUESNON portant étiquette de Ludovicus Neurot.,
"",Coin de table manquant. 358mm.,700
505,"Archet de violon de CUNIOT-­‐HURY, monté maillechort. 48g5, sans mèche ni garniture. Assez bon état.",600
506,Violon de l'école allemande début XXème. Cassure sur la table. 359mm.,800
507,"Archet de violon 1/2 de Roger François LOTTE, monté maillechort. 45g. Bon état.",200
508,Violon de JEROME-­‐THIBOUVILLE-­‐LAMY fait à Mirecourt vers 1900. Quelques restaurations. 364mm.,500
509,"Archet d'alto de l'Ecole de PECCATTE, bois de fer monté maillechort. 59g, avec mèche fine et sans",
"",garniture. Fente hausse. Assez bon état.,300
510,Violon XIXème portant étiquette et marque au fer apocryphe de Louvet. Quelques restaurations.,
"",359mm.,600
511,"Archet de violoncelle 3/4 de Roger François LOTTE, monté maillechort. 56g, avec mèche et garniture",
"",fines et sans bouton. Assez bon état.,300
512,Violon début XXème. Quelques restaurations. 359mm.,150
513,"Baguette d'archet de violon de l'Ecole de PECCATTE SIMON dans le style de François BAZIN, bois",
"","exotique, hausse et bouton de même époque montés maillechort. 55g5, sans mèche ni garniture.",
"",Eclat hausse. Assez bon état.,500
514,"Violon de JEROME THIBOUVILLE LAMY fait à Mirecourt vers 1900, portant étiquette apocryphe de",
"",Stradivarius. Bon état. 358mm.,700
515,"Baguette d'archet d'alto de l'Ecole de Peccatte en bois exotique, hausse postérieure montée ivoire et",
"","maillechort. 65g, sans mèche ni garniture ni bouton. Bon état.",800
516,Violon de l'école allemande fait vers 1800 portant étiquette Geigenmacher. Quelques restaurations.,
"",358mm.,700
517,"Archet de violon allemand de l'Epoque de VUILLAUME, monté argent. 59g5, sans garniture. Une",
"",virole bouton manquante. Assez bon état.,500
518,"ViolonMirecourt XXème, portant étiquette apocryphe de Stradivarius. Bon état. 359mm",400
519,"Archet de violon de l'Atelier de L. MORIZOT, monté maillechort. 52g5, avec mèche et garniture fines.",
"",Devant tête endommagé. Assez bon état.,200
520,"Violon d'Albert DEBLAYE fait à Mirecourt au millésime de 1920. Sans sa touche, cassure sur la table",
"",sous le cordier. 360mm,500
521,"Archet de violon de J.T.L., signé Buthod, monté maillechort. 58g, avec mèche et garniture fines. Assez",
"",bon état.,150
522,Violon fait à Mirecourt début XXème dans les Ateliers Laberte en modèle Vuillaume. Cassure d'âme,
"",sur la table. 359mm,400
523,"Baguette d'archet d'alto de l'Ecole de PECCATTE dans le style de Fr. BAZIN, bois de fer. 53g. Petit",
"",éclat arrière. Bon état.,300
524,Violon fait dans les ateliers J.T.L. portant étiquette apocryphe Stainer. Cassure sur la table. 360mm,300
525,"Archet de violon de CUNIOT HURY, monté maillechort. 51g5, sans mèche. Nœuds baguette et petit",
"",trou de vers arrière. Assez bon état.,750
526,Violon de l'école allemande début XXème. Quelques restaurations sur la table. 364mm.,300
527,"Archet de violon de Georges BARTONNET, signé Gérome Devoivre, monté argent. 57g5, avec mèche",
"",et garniture fines. Bon état.,600
528,Violon allemand grande taille début XXème fait en modèle Brescia. Assez bon état. 366mm.,300
529,"Archet de violon de Prosper COLAS, avec hausse de L. BAZIN, monté maillechort. 56g5, avec garniture",
"",soie. Bon état.,300
530,Violon fait dans l'atelier LANGONET à Nantes en modèle Stainer. Bon état. 359mm,600
531,"Archet de violon de l'Atelier de CUNIOT-­‐HURY, monté maillechort. 51g5, avec mèche fine et sans",
"",garniture. Léger éclat arrière. Assez bon état.,300
532,"Violon Mirecourt XXème fait dans les ateliers LABERTE, portant étiquette apocryphe de Stradivarius.",
"",Bon état. 359mm,800
533,"Archet de violon allemand 1900, signé, monté argent. Bouton dessoudé. Assez bon état.",600
534,Violon de Guillemin THOUVENEL fait à Mirecourt vers 1850. Différentes restaurations sur la table,
"",dont deux cassures d'âme. 361mm.,200
535,"Archet de violon de l'Atelier de MALINE, abeille monté maillechort. 51g5, sans mèche ni garniture.",
"",Assez bon état.,500
536,"Violon de JEROME THIBOUVILLE LAMY fait à Mirecourt début XXème, portant étiquette apocryphe de",
"",Stradivarius. Bon état. 359mm.,500
537,"Archet de violon 1/4 de Louis Joseph MORIZOT Père, monté maillechort. 29g5, sans mèche ni",
"",garniture. Bon état.,400
538,Violon fait dans les ateliers J.T.L. en modèle breton. Assez bon état. 360mm,300
539,"Archet de violon de J.T.L., bois d'amourette, monté argent. 62g5. Petite gerce avant et arrière. Bon",
"",état.,300
540,ViolonMirecourt XXème portant étiquette de Guadagnini. Assez bon état. 360mm,800
541,"Archet de violon de l'Ecole de SIMON, bois de fer monté maillechort. 56g5, sans mèche ni garniture.",
"",Bon état.,500
542,Violon des pays de l'est XXème. Assez bon état. 356mm.,400
543,"Archet de violon Ecole de PAJEOT, bois exotique. 55g5, sans mèche ni garniture. Mortaise vis et écrou",
"",rallongée. Bon état.,200
544,Violon XXème des Pays de l'Est portant étiquette apocryphe Stradivarius. Petites cassures sur la table.,
"",358mm,400
545,"Archet d'alto de l'Atelier de L. BAZIN, monté maillechort. 63g, avec garniture soie. Nœud baguette.",
"",Bon état.,700
546,Violon fait dans les ateliers JEROME THIBOUVILLE LAMY en 1952 en modèle Louis Fricot dont il porte,
"",une étiquette. Assez bon état. 357mm.,600
547,"Archet de violon de l'Ecole de WEISHOLD, monté maillechort. 51g5, sans garniture. Bon état.",300
548,Violon fait dans les ateliers JEROME THIBOUVILLE LAMY portant étiquette apocryphe Guadagnini.,
"",Tête fracturée et petite cassure sur la table. 359mm.,200
549,"Baguette d'archet de violon, signé Gand Frères, hausse et bouton postérieurs montés argent. Enture",
"","tête, gerces arrière baguette. Assez bon état. 60g",200
550,"Joli violon d'Albert DEBLAYE fait à Mirecourt au millésime de 1927 n° 2818, portant étiquette Albert",
"",Deblaye. Assez bon état. 353mm.,1000
551,"Archet de violon de l'Ecole de BAUSCH, monté maillechort. 56g5, avec mèche et garniture fines. Assez",
"",bon état.,150
552,"Violon de JEROME THIBOUVILLE LAMY fait à Mirecourt début XXème, portant étiquette apocryphe de",
"",Stradivarius. Assez bon état. 357mm.,300
553,"Archet de violon de LABERTE, signé, monté argent. 50g5, sans mèche. Très bon état.",800
554,"Violon Mirecourt XXème fait dans les ateliers COUESNON, vendu par Léon Bernardel à Paris en 1923.",
"","Bord sur le fond manquant, cassure sur la table. 357mm",400
555,"Baguette d'archet de violon de Louis Joseph MORIZOT Père, hausse et bouton de même époque",
"","montés maillechort. 53g5, avec mèche et garniture fines. Assez bon état.",600
556,Violon allemand XIXème portant étiquette de George Dier. Différentes restaurations. 357mm.,600
557,"Archet de violon allemand dans le style de HERRMANN, signé A. Herrmann, monté argent. 53g, sans",
"",garniture. Bon état.,300
558,Violon fait dans les ateliers J.T.L. en modèle Santo Séraphin. Bon état. 358mm.,200
559,"Archet de violon de l'Ecole de BAZIN, monté maillechort. 45g5, sans mèche. Assez bon état.",150
560,Violon de JEROME THIBOUVILLE LAMY fait à Mirecourt début XXème portant étiquette J.T.L. Assez,
"",bon état. 361mm.,800
561,"Archet de violon/alto allemand de l'Ecole de KNOPF, bois d'amourette monté maillechort. 70g.",
"",Probable enture de pans. Bon état.,200
562,Violon fait dans les ateliers LABERTE portant étiquette apocryphe Stradivarius. Cassure d'âme sur la,
"",table et talon changé. 360mm. Avec archet,200
563,"Archet de violon de LABERTE, monté argent. 57g5. Coups de pupitre baguette. Assez bon état.",500
564,ViolonMirecourt XXème portant étiquette Maestro. Joint de table décollé. 361mm.,200
565,"Intéressante baguette d'archet de violon de l'Ecole de SIMON, hausse et bouton de même époque",
"","montés maillechort. 53g5, sans mèche ni garniture. Bague et fente arrière et éclats hausse.",750
566,"Violon fait dans les ateliers LABERTE à Mirecourt vers 1920, portant étiquette de Strellini. Trois",
"",cassures sur la table non restaurées et joint de fond décollé. 357mm.,400
567,"Archet de violon de Louis MORIZOT Frères, monté maillechort. 50g, sans mèche et garniture soie.",
"",Très bon état.,500
568,"ViolonMirecourt XXème, portant étiquette apocryphe Amati. Petite cassure sur la table. 360mm.",200
569,"Archet d'alto de l'Ecole de PAJEOT, bois exotique. 62g5, sans garniture. Eclat hausse. Assez bon état.",200
570,"Violon de Nicolas MORLOT fait à Mirecourt vers 1840, portant marque au fer de Nicolas Morlot. Assez",
"",bon état. 364mm.,800
571,"Archet de violon allemand 1950, monté maillechort. 55g, avec mèche et garniture fines. Eclat hausse.",
"",Assez bon état.,300
572,"ViolonMirecourt fin XIXème de l'école de Charotte, signé Vettori. Cassure sur la table. 357mm",200
573,"Archet de violon de l'Atelier de François PECCATTE, bois exotique. 51g5, sans mèche ni garniture. Bon",
"",état.,600
574,"Violon fait dans les ateliers JEROME THIBOUVILLE LAMY à Mirecourt XXème, portant étiquette",
"",l'artiste et Beuscher. Bon état. 358mm.,200
575,"Archet de violon de CUNIOT-­‐HURY, monté maillechort. 47g5, sans mèche ni garniture ni passant. Bon",
"",état.,500
576,"Violon fait dans les ateliers LABERTE vers 1900/1920 en modèle Derazey, portant étiquette de",
"",Derazey. Cassures sur la table. 359mm.,800
577,"Archet de violon de CUNIOT-­‐HURY, signé, hausse de même époque monté maillechort. 56g, avec",
"",garniture légère. Assez bon état.,600
578,Violon début XXème. Assez bon état. 358mm,200
579,"Archet de violon de J.T.L., monté maillechort. 57g5. Bon état.",150
580,Violon XIXème portant étiquette apocryphe de Guarnerius. Quelques restaurations sur la table.,
"",360mm.,600
581,"Archet de violon 3/4 de Charles Nicolas BAZIN, monté maillechort. 45g, avec mèche et garniture",
"",fines. Assez bon état.,300
582,ViolonMirecourt XXème portant étiquette Gautie et fils. Petite cassure sur la table. 358mm,300
583,"Archet d'alto de l'Atelier de L. BAZIN, monté maillechort. 59g, sans mèche et garniture soie. Assez",
"",bon état.,700
584,Violon fait dans les ateliers de JEROME THIBOUVILLE LAMY à Mirecourt début XXème. Assez bon état.,
"",361mm.,500
585,"Archet de violon de L. MORIZOT Frères, monté maillechort. 48g5, sans mèche. Petites arrachures",
"",baguette. Bon état.,600
586,"Violon XXème fait à Mirecourt dans les ateliers COUESNON, dont il porte une étiquette. Tête",
"",remplacée. 361mm,400
587,"Archet de violon moderne copie baroque, amourette. 49g. Bon état.",600
588,Violon XXème des pays de l'est portant étiquette apocryphe d'Amatus. Cassure sur la table non,
"",restaurée. 357mm.,300
589,"Archet de violon de l'Ecole allemande 1950, monté argent. 56g, sans garniture. Assez bon état.",200
590,Violon fait à Mittenwald dans les ateliers SCHUSTER en 1915 en modèle Gaspar da Salo. Bon état.,
"",359mm.,700
591,"Baguette d'archet de violon de l'Ecole de PECCATTE / SIMON, signée Dodd apocryphe, en bois",
"","exotique, hausse et bouton postérieurs montés maillechort. 51g, sans mèche ni garniture. Gerce",
"",baguette. Assez bon état.,300
592,"Violon fait dans les ateliers de JEROME THIBOUVILLE LAMY en modèle Duchene, marqué Nicolas",
"",Duchène. Assez bon état. 362mm.,300
593,"Archet de violon de l'Ecole de FETIQUE, signé ""Walefin"", monté maillechort. 49g5, sans mèche ni",
"",garniture. Nœud baguette. Bon état.,600
594,"ViolonMirecourt fait vers 1870/1880, portant étiquette apocryphe Amatus. Différentes restaurations.",
"",358mm,500
595,"Archet de violon de l'Ecole de BAZIN, signé Paul Jombar, monté argent. 61g5. Fente arrière baguette.",
"",Assez bon état.,600
596,ViolonMirecourt XXème portant étiquette apocryphe de Stradivarius. Assez bon état. 359mm.,700
597,"Archet de violon de CUNIOT-­‐HURY, monté maillechort. 57g5, avec garniture argent légère. Bon état.",500
598,ViolonMirecourt XXème portant étiquette Borelli. Assez bon état. 359mm,200
599,"Archet de violon de LABERTE, signé Tourte, monté maillechort. 55g5. Bon état.",150
600,"Violon de JEROME-­‐THIBOUVILLE-­‐LAMY fait à Mirecourt vers 1900, portant étiquette Husson et",
"",Buthod et étiquette Jérome Thibouville Lamy. Bon état. 359mm.,1000
601,"Archet de violon de l'Ecole de MARTIN, monté maillechort. 47g, sans mèche ni garniture. Une virole",
"",bouton manquante et petits coups baguette. Assez bon état.,200
602,Violon de JEROME THIBOUVILLE LAMY fait à Mirecourt XXème en modèle Sarasate. Assez bon état.,
"",357mm,400
603,"Archet de violon allemand fin XIXème, monté maillechort. 43g, sans mèche ni garniture. Gerce",
"","baguette, une virole dessoudée et bec tête endommagé. Assez bon état.",200
604,Violon Mirecourt XXème portant étiquette apocryphe de Silvestre et marque au fer apocryphe de,
"",Moitessier. Assez bon état. 359mm.,500
605,"Archet d'alto de l'Atelier de L. BAZIN, monté maillechort. 65g, avec mèche et garniture fines. Bon",
"",état.,700
606,"Violon fait dans les ateliers LABERTE à Mirecourt XXème, portant étiquette de Didion. Bon état.",
"",357mm.,800
607,"Archet de violon de Pierre MALINE, monté maillechort. 54g. Assez bon état.",500
608,Violon Mirecourt XXème fait en modèle Maggini dont il porte l'étiquette apocryphe. Assez bon état.,
"",358mm,300
609,"Archet de violon 3/4 de l'Ecole de PAJEOT, bois exotique. 46g, sans mèche ni garniture. Bon état.",500
610,Violon 3/4Mirecourt fin XIXème. Assez bon état.,400
611,"Archet de violon 1/4 de Louis BAZIN, monté maillechort. 32g. Hausse endommagée et fin de gerce",
"",côté tête. Assez bon état.,200
612,ViolonMirecourt fait vers 1900. Petite cassure sur la table. 358mm,200
613,"Archet de violon de Charles Nicolas BAZIN, monté maillechort. 57g5, sans garniture. Petit noeud",
"",baguette et petite gerce baguette. Bon état.,600
614,"Violon de CARDINET fait à Mirecourt vers 1850, signé Cardinet à Mirecourt. Différentes restaurations",
"",sur la table dont une cassure d'âme et une petite pièce centrale. 362mm.,700
615,"Archet de violon de C.N. BAZIN, signé, monté maillechort. 56g5. Assez bon état.",800
616,"Violon de JEROME-­‐THIBOUVILLE-­‐LAMY fait à Mirecourt début XXème, portant étiquette apocryphe",
"",Amatus. Assez bon état. 359mm.,800
617,"Archet de violon allemand 1930, monté argent. 60g. Bon état.",500
618,"Violon fait dans les ateliers LABERTE à Mirecourt début XXème en modèle Vuillaume, portant",
"",étiquette apocryphe de Vuillaume. Bon état. 353mm.,900
619,"Archet de violon de l'Ecole allemande 1930, monté maillechort. 55g, sans garniture. Bon état.",200
620,ViolonMirecourt XXème fait dans les ateliers COUESNON portant étiquette Meurot. Bon état. 358mm,800
622,Violon de SAUNIER fait à Mirecourt XIXème. Traces de vers rebouchées sur la table. 359mm,300
623,"Archet de violon de Célestin Emile CLASQUIN, signé P. Beuscher, monté maillechort. 51g, sans mèche",
"",et garniture soie. Bon état.,700
624,Violon 1/2Mirecourt XXème portant étiquette Compagnon. Coquillon de la tête manquant.,150
625,"Archet de violon de L. MORIZOT, signé Davot à Paris, monté argent. 60g. Bon état.",800
626,"Violon 3/4 de Charles FETIQUE fait Mirecourt en 1924, dont il porte une étiquette. Bon état.",150
627,"Archet de violon de L. MORIZOT Frères, modèle Tourte, monté maillechort. 54g, sans mèche et",
"",garniture fil. Petite gratte arrière baguette. Bon état.,500
628,ViolonMirecourt XXème portant étiquette de Louis Hecquin. Bon état. 355mm.,500
629,"Archet de violon de l'Ecole de PAJEOT, bois exotique teinté. 52g, sans mèche ni garniture. Bon état.",250
630,Violon de JEROME THIBOUVILLE LAMY fait à Mirecourt vers 1900 portant étiquette apocryphe de,
"",Stradivarius. Cassure sur la table. 358mm.,1000
631,"Archet de violoncelle allemand, signé Homa, monté argent. 66g5, sans garniture. Bon état.",350
632,"Violon début XXème de l'école allemande, portant étiquette apocryphe Bergonzi. Assez bon état.",
"",357mm,300
633,"Hausse et bouton d'archet de violon de Louis Joseph MORIZOT Père montés maillechort, avec",
"","baguette postérieure signée ""Chanot et Chardon"". 59g, avec mèche et garniture légère. Assez bon",
"",état.,400
634,Violon d'H. Emile BLONDELET fait à Mirecourt au millésime de 1927. Signature et marque au fer sur,
"",l'éclisse arrière. Assez bon état. 359mm.,600
635,"Archet de violon de l'Ecole allemande 1930, monté argent. 53g, sans mèche. Usure arrière et éclat",
"",hausse. Assez bon état.,750
636,"Violon de JEROME THIBOUVILLE LAMY fait à Mirecourt début XXème, portant étiquette apocryphe de",
"",Stainer. Bon état. 362mm.,600
637,"Archet de violon de Roger François LOTTE, signé Pillot, monté maillechort. 54g, avec garniture",
"",baleine. Noeuds baguette. Bon état.,300
638,Violon fait dans les ateliers J.T.L. à Mirecourt début XXème. Tête remplacée et cassure sur la table.,
"",356mm.,200
639,"Baguette d'archet d'alto de Prosper COLAS signé PC en bois exotique, hausse et bouton montés",
"",maillechort de J.T.L. Réajustage arrière et mastic au dessus mortaise. Assez bon état.,300
640,Violon fait dans les ateliers LABERTE à Mitreocurt début XXème portant étiquette Colin. Assez bon,
"",état. 358mm.,700
641,"Archet de violon de l'Ecole de SIMON en bois de fer monté maillechort. 54g, sans mèche ni garniture",
"",ni passant. Virole arrière manquante.,300
642,ViolonMirecourt XXème portant étiquette Amatus. Assez bon état. 360mm,500
643,"Baguette d'archet d'alto de l'Ecole allemande vers 1950, amourette. 45g. Bon état.",200
644,"Violon de François SALZAR fait à Mirecourt vers 1850, portant étiquette François Salzar. Restaurations",
"",au niveau du talon. 358mm.,800
645,"Archet de violon de l'Ecole allemande fait en modèle Tourte, signé, monté maillechort. 55g, sans",
"",garniture. Assez bon état.,600
646,Violon allemand fin XIXème portant étiquette apocryphe Widhalm. Assez bon état. 361mm.,500
647,"Archet de violon de Charles Nicolas BAZIN, signé J. Hel à Lille, monté argent. 53g5, avec garniture",
"",légère. Fente côté et arrière tête. Assez bon état.,500
648,Violon allemand fait vers 1800. Nombreuses restaurations sur la table et le fond et tête remplacée.,
"",354mm.,200
649,"Archet de violon allemand de l'Ecole de BAUSCH, signé Dodd, monté argent. 55g, avec mèche fine.",
"",Bon état.,300
650,Alto fait vers 1910/1920. Assez bon état. 401mm.,800
651,"Archet de violon allemand vers 1930, monté argent. 59g5 avec garniture soie. Assez bon état.",300
652,"Violon Mirecourt XXème fait dans les ateliers LABERTE, portant étiquette apocryphe Stradivarius.",
"",Assez bon état; 359mm,500
653,"Archet de violon 1/4 d'Emile OUCHARD Père fils, monté maillechort. 42g5. Bon état.",500
654,ViolonMirecourt XXème. Assez bon état. 355mm.,600
655,"Archet de violon de François LOTTE, signé N. Lemaire, monté maillechort. 54g, avec garniture soie.",
"",Assez bon état.,750
656,Violon de l'Ecole allemande début XXème. Assez bon état. 359mm.,500
657,"Archet de violon de l'Ecole allemande fait en modèle Tubbs, monté argent. 52g, sans mèche ni",
"",garniture. Bon état.,600
658,ViolonMirecourt XXème portant étiquette apocryphe de Striebig. Bon état. 358mm.,300
659,"Archet de violon de l'Ecole de WEISHOLD, monté maillechort, bouton postérieur. 49g5, sans mèche ni",
"",garniture. Fente côté tête. Assez bon état.,200
660,"Violon fait dans l'atelier de Léon MOUGENOT à Mirecourt en 1927, portant étiquette fait dans",
"",l'atelier de Mougenot 1927. Petite cassure sur la table. 358mm.,800
661,"Archet de violon de l'Ecole de PFRETZSCHNER, signé....Lepzig, monté argent, bouton de même",
"","époque. 47g, sans mèche ni garniture. Passant changé et usure arrière.",300
662,ViolonMirecourt XXème portant étiquette apocryphe Stradivarius. Bon état. 359mm.,600
663,"Archet de violon 3/4 de L. MORIZOT Frères, signé, monté maillechort. 44g, sans garniture. Assez bon",
"",état.,200
664,ViolonMirecourt XXème portant étiquette apocryphe de Lupot. En partie décollé. 357mm.,600
665,"Archet de violon de MORIZOT Frères, monté maillechort. 53g, sans mèche et garniture soie. Bon état.",600
666,Violon de l'école allemande début XXème. Cassure sur la table. 361mm,400
667,"Intéressant archet de violon de l'Ecole de BAZIN fait dans le style de Pierre CUNIOT, monté",
"","maillechort. 47g, Sans mèche ni garniture ni passant ni talon. Bloqué arrière. Assez bon état.",600
668,"Violon allemand XIXème, portant étiquette apocryphe de Planis. Différentes restaurations. 351mm.",200
669,"Archet de violon de LABERTE, signé V.J. Ferelli, monté maillechort. 62g5. Bon état.",150
670,"Violon français province fait vers 1820 portant étiquette apocryphe Gaffino. Table remplacée,",
"",différentes restaurations. 359mm.,800
671,Baguette d'archet de violon de L. MORIZOT Père. 36g. Assez bon état.,300
672,ViolonMirecourt XXème portant étiquette de Marcellin. Assez bon état. 359mm,400
673,"Archet de violoncelle de l'Ecole de MARTIN, monté argent. 62g, avec mèche fine et garniture cuir.",
"",Usure sur arrière baguette. Assez bon état.,500
674,"Violon fait dans les ateliers d'Amédée DIEUDONNE à Mirecourt vers 1930, portant étiquette",
"",apocryphe Prescenda. Début de cassure d'âme sur la table. 356mm.,500
675,"Baguette d'archet de violon de l'Atelier de J.J. MARTIN, vestige de signature, hausse de même",
"","époque et bouton postérieur montés maillechort. 57g5, avec garniture argent fine. Petite pièce base",
"","tête qui semble d'origine, pièce et fente hausse. Assez bon état.",1000
676,ViolonMirecourt XXème. Assez bon état. 360mm.,600
677,"Archet de violon de Charles Nicolas BAZIN, monté maillechort. 49g, sans mèche et garniture soie. Bon",
"",état.,1000
678,Violon Mirecourt XXème portant étiquette apocryphe de Gasparo Da Salo. Table remplacée. Assez,
"",bon état. 361mm.,300
679,"Archet de violon allemand 1950, signé Waller, monté argent. 62g. Bon état.",350
680,"Violon de Charles DROUIN fait à Paris au millésime de 1897, portant étiquette de Chipot-­‐Vuillaume.",
"",Cassures sur la table. 358mm.,800
681,"Archet de violon, signé WILH MEINEL, monté argent. 56g, sans garniture. Fente hausse. Assez bon",
"",état.,300
682,Alto fin XIXème début XXème. Différentes restaurations. 402mm.,200
683,"Archet de violon de l'Atelier de L. BAZIN, signé A. Deblaye, monté maillechort. 60g5. Assez bon état.",500
684,"Violon de JEROME THIBOUVILLE LAMY fait à Mirecourt début XXème, portant étiquette apocryphe de",
"",Kloz. Bon état. 363mm.,600
685,"Baguette d'archet de violon de l'Ecole de SIMON, hausse et bouton postérieurs dans le style de",
"","LAFLEUR montés argent. 51g, sans garniture. Assez bon état.",1300
686,Violon Mirecourt fin XIXème portant étiquette apocryphe Stradivarius. Cassure sur le fond. 364mm.,600
687,"Archet de violon de CUNIOT-­‐HURY en pernambouc teinté rouge d'origine, monté maillechort. 53g,",
"",sans mèche ni garniture. Assez bon état.,500
688,ViolonMirecourt XXème fait en modèle Maggini. Assez bon état. 359mm,300
689,"Archet de violon de l'Ecole allemande 1930, monté maillechort. 55g, sans mèche. Fente côté tête.",
"",Assez bon état.,300
690,"Violon français province XVIIIème fait dans le style de Frébrunet. Différentes restaurations, éclisse",
"",avant gauche remplacée et traces de vers. 360mm.,800
691,"Archet de violon de Roger François LOTTE, monté maillechort. 54g5. Nœuds baguette. Assez bon",
"",état.,150
692,"ViolonMirecourt XXème fait en modèle Breton, portant étiquette et marque au fer de Breton. Sans sa",
"","touche, assez bon état. 360mm.",300
693,"Archet de violon allemand, signé Tourte, hausse et bouton d'un autre archet montés",
"",maillechort.58g5. Bon état.,400
694,"Violon fait dans l'atelier LABERTE à Mirecourt vers 1920/1930, portant étiquette fait sous la direction",
"",de Marc Laberte. Bon état. 360mm.,700
695,"Archet de violon de Louis BAZIN, signé, monté maillechort. 45g, sans mèche et garniture soie. Bon",
"",état.,600
696,"Violon Mirecourt XXème fait dans les ateliers LABERTE, portant étiquette de Clotelle. Bon état.",
"",360mm.,700
697,"Archet de violoncelle 3/4 d'Emile François OUCHARD Père, monté maillechort. Pièce ébène hausse et",
"",pointe tête. Assez bon état.,300
698,Violon français province fait vers 1770-­‐1780. Quelques restaurations. 359mm.,300
699,"Archet de violon allemand XIXème. 51g, sans mèche ni garniture. Bon état.",200
700,"Violoncelle XXème des pays de l'est, portant étiquette Tomassini. Assez bon état. 749mm.",1000
701,"Archet de violon de J.T.L., signé Ch. Buthod, monté maillechort, bouton de même époque argent.",
"",60g. Bon état.,200
702,ViolonMirecourt XXème portant étiquette de Chipot. Bon état. 359mm.,200
703,"Archet d'alto signé Karl WILFER, monté argent. 66g. Bon état.",400
704,ViolonMirecourt XXème portant étiquette apocryphe de Stradivarius. Bon état. 358mm.,600
705,"Archet de violon de CUNIOT-­‐HURY, signé Lupot, monté argent. 56g. Assez bon état.",800
706,"Joli violonMirecourt XXème, portant étiquette apocryphe de Vuillaume. Cassure sur la table. 359mm.",600
707,"Archet de violon de C.N. BAZIN, monté maillechort. 57g. Nœud baguette. Assez bon état.",600
708,"ViolonMirecourt XXème, portant étiquette apocryphe de Stradvarius. Bon état. 358mm.",200
709,"Archet de violon de l'Ecole de SIMON, abeille monté maillechort. 52g5, sans mèche ni garniture. Bon",
"",état.,300
710,"Violon de JEROME THIBOUVILLE LAMY fait à Mirecourt début XXème, marqué J.T.L. sur le tasseau de",
"",devant. Sans sa touche. Bon état. 358mm.,300
711,"Archet de violon de Charles Nicolas BAZIN, signé ""Bazin"", monté maillechort et bouton argent. 53g,",
"",avec mèche fine et garniture cuir. Assez bon état.,200
712,"Violon Mirecourt XXème fait dans les ateliers LABERTE, portant étiquette Couturieux. Tasseau arrière",
"",et joint de fond décollé. 351mm.,200
713,"Archet d'alto de l'Ecole de MARTIN, bois de fer monté maillechort. 70g3. Bon état.",500
714,"Violon fait à Mirecourt début XXème dans les ateliers J.T.L., portant étiquette revu et corrigé de",
"",Serdet. Bon état. 360mm.,400
715,"Archet de violon allemand 1920, signé illisible, monté argent. 59g. Bon état.",750
716,"Violon fait dans les ateliers JEROME THIBOUVILLE LAMY à Mirecourt début XXème, portant étiquette",
"",apocryphe de Stradivarius. Assez bon état. 358mm.,200
717,Baguette d'archet de violon allemande 1930. 39g. Bon état.,150
718,"Violon fait dans les ateliers d'Albert DEBLAYE à Mirecourt en 1924, dont il porte une étiquette. Bon",
"",état. 361mm.,400
719,"Archet de violon allemand 1920, signé N. Lambert B & S Master, monté argent, bouton postérieur.",
"","51g, sans mèche et garniture baleine. Assez bon état.",200
720,"Violon français province fait vers 1830, portant étiquette apocryphe de Lambert. Légères",
"",restaurations. 365mm.,600
721,"Archet de violon de François BAZIN, bois de fer, monté maillechort. 49g, sans mèche ni garniture.",
"",Eclats hausse. Assez bon état.,500
722,"ViolonMirecourt fait vers 1830, marqué au fer Pacherel. Manche et éclisses décollés. 364mm.",300
723,"Archet de violon de l'Atelier de L. J. MORIZOT Père, bouton de même époque monté maillechort. 56g.",
"",Bon état.,500
724,"Violon des pays de l'est début XXème, portant étiquette apocryphe de Gagliano. Assez bon état.",
"",358mm.,200
725,"Baguette d'archet de violon faite dans le style de EURY, avec hausse de l'Ecole de PECCATTE et",
"",bouton postérieur. 60g5 Bon état.,750
726,Violoncelle Mirecourt XXème portant étiquette de Bertholini. Cassure d'âme sur le fond et joint de,
"",fond décollé. 760mm.,500
727,"Archet d'alto de l'Ecole de BAZIN, bois exotique avec hausse de même époque montée maillechort.",
"","59g, sans mèche ni garniture. Arrière baguette diminué. Assez bon état.",500
728,ViolonMirecourt XXème portant étiquette apocryphe de Justin Derazey. Assez bon état. 359mm.,300
729,"Archet de violoncelle de MORIZOT Frères, abeille monté maillechort. 72g5. Assez bon état.",200
730,Joli violon fait dans les ateliers LABERTE Mirecourt XXème et fini et vendu dans l'Atelier Diter à,
"",Marseille. Bon état. 356mm,900
731,"Archet de violon de l'Ecole de MARTIN, monté maillechort. 48g, sans mèche ni garniture. Tâche de fer",
"",sur la baguette. Assez bon état.,200
732,"Violon fait dans les ateliers JEROME-­‐THIBOUVILLE-­‐LAMY à Mirecourt début XXème, portant étiquette",
"",de Barnabetti. Quelques restaurations sur la table. 361mm.,500
733,"Archet de violon de L. MORIZOT Frères, monté maillechort. 50g5, sans mèche ni garniture. Nœud",
"",baguette. Bon état.,500
734,Violon français province fin XIXème portant étiquette apocryphe d'Amatus. Nombreuses,
"",restaurations. 362mm.,300
735,"Archet de violon de Louis MORIZOT Frères, monté maillechort. 49g, sans mèche et garniture soie.",
"",Petit coup de vent baguette avant garniture. Bon état,500
736,Violon de l'école allemande fait vers 1780 à Markneukirchen. Différentes restaurations. 351mm,800
737,"Baguette d'archet d'alto de l'Ecole de PAJEOT en bois exotique, hausse et bouton postérieurs montés",
"","maillechort. 63g, sans mèche ni garniture. Légère gerce baguette. Bon état.",400
738,Violon fait dans les ateliers J.T.L. à Mirecourt début XXème portant étiquette apocryphe Rugieri.,
"",Cassure d'âme sur la table. 362mm.,200
739,"Archet de violon de l'Atelier de P. COLAS, monté maillechort. 50g5, sans mèche et garniture soie.",
"",Trace mortaise tête. Bon état.,300
740,"Violon fait dans les ateliers LABERTE à Mirecourt début XXème en modèle Lupot, portant étiquette",
"",apocryphe de Lupot. Assez bon état. 359mm.,700
741,"Baguette d'archet de violon de l'Ecole Française seconde moitié XIXème, signée ""Tourte"". 34g. Assez",
"",bon état.,300
742,ViolonMirecourt XXème fait dans les ateliers LABERTE. Bon état. 356mm.,600
743,"Archet de violon allemand 1920, monté argent. 58g, avec mèche et garniture fines. Usure arrière et",
"",coups tête. Assez bon état.,500
744,"Violon de Charles CLAUDOT fait à Mirecourt XIXème, signé Marquis de l'air. Assez bon état. 363mm.",300
745,"Archet de violon de Nicolas DUCHAINE II, bois exotique. 43g, sans mèche ni garniture. Gerce baguette",
"",et relimée postérieurement et éclat hausse.,800
746,"Violon de Didier NICOLAS Ainé fait à Mirecourt vers 1830, marqué au fer et signé D. Nicolas l'ainé.",
"",Quelques restaurations sur la table. 363mm.,800
747,Baguette d'archet de violon de l'Ecole de TOURTE. 35g. Fendue et recollée début baguette.,500
748,"Violon fait dans les ateliers LABERTE en modèle Lupot, portant étiquette apocryphe de Lupot. Bon",
"",état. 359mm,800
749,"Baguette d'archet d'alto de l'Ecole de PAJEOT, hausse et bouton postérieurs montés maillechort.",
"","56g5, sans mèche ni garniture. Assez bon état.",150
750,Violon fait à Mirecourt dans les ateliers LABERTE début XXème en modèle Vuillaume dont il porte une,
"",étiquette apocryphe. Bon état. 360mm.,800
751,"Archet de violon de CUNIOT-­‐HURY, bois exotique monté maillechort. 55g5.",250
752,"Violon de JEROME THIBOUVILLE LAMY fait à Mirecourt début XXème, portant étiquette apocryphe de",
"",Fleury. Assez bon état. 362mm.,500
753,"Archet de violon de Prosper COLAS, monté maillechort. 53g, avec mèche fine et sans garniture. Assez",
"",bon état.,600
754,ViolonMirecourt XXème fait dans les ateliers LABERTE. Assez bon état. 358mm.,700
755,"Archet de violon de l'Ecole de MAIRE, amourette monté maillechort. 53g, sans mèche ni garniture.",
"","Passant et virole bouton manquants, usure arrière. Assez bon état.",600
756,"Violon fait dans les ateliers LABERTE à Mirecourt vers 1920-­‐1930, portant étiquette Borelli. Bon état.",
"",357mm,500
757,"Baguette d'archet de violon de l'Ecole de GAULARD, hausse de même époque. 48g, sans mèche ni",
"",garniture. Assez bon état.,500
758,"Violon de René MORIZOT fait à Mirecourt vers 1950, signé R. Morizot. Assez bon état. 359mm.",1000
759,"Archet de violon allemand 1900, monté argent. 56g, avec mèche et garniture fines. Assez bon état.",300
760,ViolonMirecourt XXème fait en modèle Guarnerius Del Gésu. Assez bon état. 357mm.,800
761,"Archet de violon de l'Ecole de GAULARD, bois exotique, bouton postérieur. 49g, sans mèche ni",
"",garniture. Eclats hausse. Assez bon état.,300
762,ViolonMirecourt XXème portant étiquette de Légipont. Légères restaurations. 352mm,600
763,"Archet de violon de l'Ecole de OUCHARD, monté maillechort. 50g5, sans mèche. Petite gerce sous la",
"",baguette sur nœud. Bon état.,500
764,"Violon de l'école allemande début XXème, portant étiquette apocryphe de Stradivarius. Bon état.",
"",359mm.,500
765,"Archet de violon de l'Atelier de François LOTTE, monté maillechort. 54g, sans mèche ni garniture.",
"","Fente hausse, trou de vers rebouché baguette. Assez bon état.",500
766,ViolonMirecourt XXème portant étiquette apocryphe Amatus. Bon état. 358mm.,400
767,"Bel archet de violon de l'Ecole de PAJEOT, bois exotique. 58g5, sans garniture. Petite fente sous",
"",hausse. Bon état.,400
768,"ViolonMirecourt XXème, portant étiquette de Borelli. Assez bon état. 360mm",300
769,"Archet de violon de l'Atelier de C.N. BAZIN, monté maillechort. 49g, sans mèche ni garniture. Bon",
"",état.,600
770,Violon Mirecourt XXème fait dans les ateliers LABERTE portant étiquette apocryphe Stradivarius.,
"",Assez bon état. 358mm.,800
771,"Baguette d'archet de violoncelle XIXème. 50g5. Deux pièces arrière, une fente côté tête et raccourcie",
"",sur l'arrière. Assez bon état.,150
772,ViolonMirecourt XXème portant étiquette de Marcellin. Assez bon état. 360mm.,300
773,"Archet de violon de Louis BAZIN signé Deblaye, monté maillechort. 46g5, sans mèche ni garniture.",
"",Bon état.,500
774,Violon de l'école allemande début XXème. Restaurations sur la table. 360mm.,500
775,"Archet de violon de L. MORIZOT Frères, signé ""Lupot"", monté maillechort. 49g5. Léger manque",
"",d'origine côté tête. Bon état.,600
776,Violon de JEROME THIBOUVILLE LAMY fait à Mirecourt début XXème. Cassures sur la table et talon,
"",cassé. 360mm.,600
777,"Archet de violon de l'Atelier de MARTIN, monté maillechort. 52g, sans garniture. Bon état.",500
778,Violon 3/4 début XXème. Assez bon état. Sans sa touche.,150
779,"Archet de violon de l'Ecole de PAJEOT, bois de fer, bouton de même époque. 56g, sans mèche ni",
"",garniture. Fendu et pièce arrière. Assez bon état.,300
780,Joli violon 3/4 Mirecourt de JEROME THIBOUVILLE LAMY fait à Mirecourt début XXème. Assez bon,
"",état.,300
781,"Baguette d'archet de violon de J.T.L., abeille hausse postérieure montée argent. 62g. Assez bon état.",300
782,"Violon de Nicolas MATHIEU fait à Mirecourt vers 1790, portant marque au fer Nicolas Mathieu sous le",
"",talon. Quelques restaurations sur la table. 363mm.,500
783,"Baguette d'archet de violon de l'Ecole de SIMON, bois exotique, hausse de même époque et bouton",
"","manquant. 48g, sans mèche ni garniture. Eclat hausse. Assez bon état.",500
784,Violon de JEROME THIBOUVILLE-­‐LAMY fait à Mirecourt début XXème dont il porte une étiquette. Bon,
"",état. 358mm.,400
785,"Archet de violon 1/2 de l'Atelier de François PECCATTE, amourette, monté maillechort et bouton os.",
"",43g2 avec mèche et garniture fines. Petite arrachure mortaise vis et écrou. Assez bon état.,500
786,Violon français province XVIIIème. Quelques restaurations et trous de vers. 364mm.,200
787,"Archet de violon de l'Atelier de CUNIOT-­‐HURY, monté maillechort. 52g5, sans mèche ni garniture.",
"",Assez bon état.,500
788,ViolonMirecourt XXème portant étiquette apocryphe de Guarnerius. Bon état. 352mm.,500
789,"Archet de violon allemand XXème, signé Pfretzschner, monté maillechort. 62g. Bon état.",150
790,Violon de l'école allemande début XXème fait en modèle Guarnerius del Gesu. Assez bon état.,
"",357mm.,700
791,"Archet de violon allemand XXème, monté maillechort, bouton postérieur. 55g, avec mèche fine.",
"",Assez bon état,150
792,"Violon fait dans les ateliers JEROME-­‐THIBOUVILLE-­‐LAMY à Mirecourt début XXème, portant étiquette",
"",apocryphe de Galiani. Assez bon état. 358mm.,300
793,"Archet de violon de Charles Nicolas BAZIN, signé Tourte, monté maillechort. 50g, sans mèche ni",
"",garniture. Trace de gerce côté mortaise vis et écrou. Assez bon état.,400
794,"Violon Mirecourt fin XIXème début XXème fait en modèle Breton, portant étiquette de Breton. Assez",
"",bon état. 361mm.,300
795,"Archet de violon de Louis BAZIN, signé Vanelli, monté maillechort. 55g, avec mèche et garniture fines.",
"",Légères fentes sous hausse. Bon état.,600
796,"ViolonMirecourt XXème fait dans les ateliers LABERTE, portant étiquette Bertholini. Bon état. 358mm",300
797,"Archet de violon de LABERTE, signé Parisot, monté argent. 59g, avec mèche et garniture légère.",
"",Légère gerce baguette après garniture. Bon état.,500
798,"Violon fait à Mirecourt XXème dans les ateliers LABERTE en modèle Lupot, portant étiquette",
"",apocryphe de Lupot. Assez bon état. 358mm.,800
799,"Archet de violon d'Emile François OUCHARD Père, monté maillechort. 49g, sans mèche ni garniture.",
"",Arrachures sous la hausse. Assez bon état.,200
800,Violon de Charles BAILLY fait à Mirecourt au millésime de 1935 n°264. Bon état. 359mm,800
801,"Baguette d'archet de violon de J.T.L., hausse et bouton postérieurs montés maillechort. 44g5, sans",
"",mèche ni garniture. Assez bon état.,150
802,Violon de l'école allemande début XXème portant étiquette de A.E. Fischer. Quelques restaurations,
"",sur la table. 362mm.,700
803,"Archet de violon de LABERTE, signé ""Tourte"", abeille monté maillechort. 60g. Fente arrière. Assez bon",
"",état.,500
804,ViolonMirecourt XXème signé Marquis de l'air. Assez bon état. 360mm.,300
805,"Archet de violon allemand 1930, hausse et bouton postérieurs montés argent. 53g5, sans mèche",400
806,ViolonMirecourt XXème portant étiquette apocryphe de Stradivarius. Assez bon état. 358mm.,300
807,"Archet d'alto de l'Ecole de SIMON, bois de fer, monté maillechort. 67g. Assez bon état.",500
808,"Violon de JEROME THIBOUVILLE LAMY fait à Mirecourt début XXème en modèle Stradivarius, portant",
"",étiquette de J.T.L. et étiquette apocryphe Stradivarius. Assez bon état. 360mm.,600
809,"Archet de violon de l'Ecole de BAUSCH, monté maillechort. 50g, sans mèche ni garniture. Eclat ébène",
"",hausse et bouton dessoudé. Assez bon état.,300
810,Violon XXème portant étiquette apocryphe Rocca. Différentes restaurations sur la table. 358mm,600
811,"Archet de violon de l'Ecole de LAFLEUR. 54g, sans mèche ni garniture ni bouton. Eclat hausse et fente",
"",arrière baguette. Assez bon état.,500
812,"Violon Mirecourt XXème fait en modèle Guarnerius del Gesu, portant étiquette Bernardini. Assez bon",
"",état. 361mm,300
813,"Baguette d'archet de violon de l'Atelier de L. MORIZOT Frères, hausse et bouton de même époque",
"","montés maillechort. 56g5, sans mèche et garniture soie. Assez bon état.",200
814,Violon allemand fait vers 1800. Quelques restaurations dont une cassure d'âme sur la table. 364mm,700
815,"Archet d'alto de l'Ecole de MARTIN, amourette monté maillechort. 66g, sans mèche. Semelle à la",
"",tête. Assez bon état.,600
816,ViolonMirecourt XXème. Assez bon état. 359mm,600
817,"Archet de violon de l'Ecole de SIMON, amourette monté maillechort. 53g5, sans mèche ni garniture.",
"",Bon état.,500
818,Violon début XXème des Pays de l'est portant étiquette Vurlitzer. Assez bon état. 358mm,200
819,"Archet de violon allemand 1950, monté argent. 56g5. Bon état.",300
820,"Violon composite, fond XVIIIème inspiré de l'école italienne. Eclisse, table et tête remplacées XIXème.",
"",Nombreuses restaurations. 356mm.,800
821,"Archet de violon de l'Ecole allemande 1950, signé Walliostro Rbg, monté argent. 53g, avec garniture",
"",soie. Bon état.,400
822,Violon fait à Mirecourt dans les ateliers JTL portant étiquette apocryphe Bergonzi. Joint de fond,
"",décollé et petite cassure sur la table. 357mm,200
823,"Archet de violoncelle de l'Ecole allemande 1920, signé apocryphe ""FN Voirin"", monté argent. 58g,",
"",sans mèche ni garniture. Usure pouce et mortaise vis et écrou rallongée. Assez bon état.,500
824,"Violon Mirecourt XXème fait dans les ateliers LABERTE, portant étiquette Couturieux. Bon état.",
"",358mm,500
825,"Archet de violon de l'Ecole de VIGNERON, amourette monté maillechort. 55g, sans mèche ni",
"",garniture. Gerce et fente arrière. Bon état.,700
826,"Violon Mirecourt début XXème vendu par la maison Caressa et Français, portant étiquette fait sous la",
"",direction de Caressa et Français. Légères restaurations. 357mm.,500
827,"Archet de violon de l'Atelier de C.N. BAZIN, signé ""C. Bazin"", monté maillechort avec bouton de même",
"","époque. 61g5, avec garniture cuir. Assez bon état.",500
828,ViolonMirecourt début XXème fait dans les ateliers LABERTE en modèle Nicolas Ainé. Manche décollé,
"",et petit morceau d'éclisse manquant à l'avant. 361mm.,300
829,"Archet de violon de LABERTE, monté argent. 55g5, sans mèche et garniture soie. Très bon état.",600
830,"Violon XXème probablement des pays de l'est, portant étiquette apocryphe de Scarampella. Assez",
"",bon état. 361mm.,800
831,"Archet de violon de l'Atelier d'E. Fr. OUCHARD Père, monté maillechort. 56g, sans mèche et garniture",
"","soie. Fentes hausse, légère gerce après garniture. Assez bon état.",400
832,Violon de l'école allemande XIXème portant étiquette apocryphe Bergonzi. Différentes restaurations,
"",dont une cassure d'âme sur la table. 360mm,400
833,"Archet de violon de Louis Joseph MORIZOT Père, signé, monté maillechort. 47g, sans mèche et",
"",garniture cuir. Usure tête et arrière. Assez bon état.,500
834,Violon Mirecourt XXème fait dans les ateliers LAVEST portant étiquette apocryphe Stradivarius. Joint,
"",de table décollé. 358mm.,800
835,"Archet de violoncelle de L. MORIZOT Frères, signé, monté maillechort. 77g, avec mèche et garniture",
"",légères. Bon état.,800
836,Violon d'étude de l'école allemande XXème marqué au fer apocryphe Klotz. Assez bon état. 357mm.,300
837,"Archet de violon de l'Ecole allemande 1930, monté argent. 57g, avec garniture argent fine. Assez bon",
"",état.,500
838,"Violon de l'école allemande début XXème fait en modèle Guarnerius del Gesu, portant étiquette",
"",apocryphe Guarnerius. Assez bon état. 358mm,700
839,"Archet de violon allemand 1950, monté argent. 55g5, sans mèche ni garniture. Petite arrachure au",
"",dessus hausse. Bon état.,200
840,Violoncelle d'étude XXème. Différentes restaurations. 761mm.,1600
841,"Archet d'alto de l'Ecole de PAJEOT, bois d'abeille. 57g, sans mèche ni garniture. Fendu arrière. Assez",
"",bon état.,300
842,"Violon de François Alexis MALINE fait à Mirecourt vers 1840, portant marque au fer de Maline à",
"",l'intérieur. Petite cassure d'âme sur la table. 360mm.,600
843,"Archet de violon de l'Ecole de SIMON. 51g5, sans mèche ni garniture. Eclat hausse et arrière",
"",baguette. Assez bon état.,400
844,Violon Mirecourt XXème fait dans les ateliers LABERTE en modèle Vuillaume dont il porte une,
"",étiquette apocryphe. Bon état. 358mm.,700
845,"Archet de violon de François LOTTE, monté maillechort. 60g. Gerce baguette. Bon état.",600
846,Violon Mirecourt XXème portant étiquette apocryphe Stradivarius. Assez bon état. 361mm. Avec,
"",deux archets.,400
847,"Bel archet d'alto de l'Ecole de PECCATTE. 59g5, sans garniture. Bon état.",300
848,Violon de JEROME THIBOUVILLE LAMY portant étiquette apocryphe Gagliano. Patte d'F du bas,
"",manquante. 358mm.,400
849,"Archet de violon de Louis MORIZOT Père, signé, monté argent. 54g, sans mèche ni bouton. Gerce",
"",baguette. Assez bon état.,750
850,Violon d'Augustin CHAPPUY fait à Paris vers 1760. Nombreuses restaurations sur la table dont une,
"",cassure d'âme et de barre. 363mm.,500
851,"Archet de violon de LABERTE, signé V.J. Ferelli, monté maillechort. 56g5. Bon état.",600
852,Alto petite taille de l'école allemande début XXème. Cassure sur la table. 390mm.,500
853,"Archet de violon de Roger François LOTTE, signé Didier Metz, monté maillechort. 53g4, avec garniture",
"",fine. Cassé tête.,500
854,Violon Mirecourt XXème fait dans les ateliers LABERTE en modèle Vuillaume dont il porte une,
"",étiquette apocryphe. Assez bon état. 359mm.,500
855,"Archet de violon de Louis BAZIN, monté maillechort. 58g5. Noeud et gerces baguette. Assez bon état.",600
856,ViolonMirecourt XXème signé Gandolfi. Assez bon état. 359mm.,400
857,"Archet de violon de F.N. VOIRIN, signé, monté argent. 54g, avec mèche et garniture fines. Tête",
"",fendue et consolidée avec une clavette.,600
858,Violon fait dans les ateliers LABERTE à Mirecourt XXème portant étiquette Couturieux. Cassure sur la,
"",table. 361mm,300
859,"Baguette d'archet de violon de l'Ecole de PECCATTE, bois de fer. 39g. Petit éclat devant mortaise vis",
"",et écrou. Assez bon état.,200
861,"Archet de violon de l'Ecole de MARTIN fait dans le style de P. CUNIOT, monté maillechort. 52g5, sans",
"",garniture. Eclat ébène hausse. Assez bon état.,350
862,Violon de Charles CLAUDOT fait à Mirecourt vers 1850 signé Marquis de l'air d'oiseau. Quelques,
"",restaurations sur la table. 362mm.,200
863,"Archet de violon de l'Atelier de OUCHARD, monté maillechort. 47g, sans mèche. Bon état.",400
864,Violon de JEROME THIBOUVILLE LAMY fait à Mirecourt début XXème en copie VUillaume dont il,
"",porte une étiquette apocryphe. Assez bon état. 358mm.,600
865,"Archet de violon de L. MORIZOT Frères, monté maillechort. 56g, avec garniture légère. Assez bon",
"",état.,600
866,"Violon Mirecourt XXème fait dans les ateliers LABERTE, portant étiquette Borelli. Assez bon état.",
"",359mm.,200
867,"Archet de violon de François LOTTE, monté maillechort. 51g, sans mèche ni garniture. Bon état.",600
868,Violon XIXème. Légères restaurations. 356mm.,300
869,"Archet de violon de l'Atelier de OUCHARD Père, amourette monté maillechort. 60g, avec mèche fine.",
"",Bon état.,200
871,"Baguette d'archet de violon de l'Ecole de SIMON probablement faite par SIMON, hausse et bouton",
"","postérieurs montés maillechort. 57g5, avec garniture fine. Fente tête et pièce arrière baguette.",500
872,ViolonMirecourt XIXème portant étiquette apocryphe Pirot. Manche et éclisses décollées. 357mm.,600
873,"Archet de violon de l'Ecole allemande 1930, monté argent. 58g. Eclat ébène et hausse. Assez bon",
"",état.,500
874,Violon Mirecourt XXème fait dans les ateliers LABERTE portant étiquette apocryphe d'Amatus. Bon,
"",état. 353mm.,600
875,"Archet de violon de Louis BAZIN, signé ""Lupot"", abeille monté maillechort. 60g. Assez bon état.",200
876,"Violon fait dans les ateliers LABERTE à Mirecourt début XXème, portant étiquette fait sous la direction",
"",de Laberte. Cassure d'âme sur la table. 356mm.,400
877,"Archet de violon de l'Atelier de Fr. PECCATTE, abeille, bouton postérieur, monté maillechort. 47g,",
"",sans mèche et garniture fine. Assez bon état.,500
878,Violon 1/4Mirecourt XXème. Assez bon état.,150
879,"Archet d'alto de l'Ecole de GAULARD, bois exotique monté maillechort. 55g5, sans mèche ni",
"",garniture. Fendu arrière. Assez bon état.,300
880,Violon fait dans les ateliers LAVEST à Montluçon portant étiquette apocryphe Stradivarius et,
"",signature de Lavest. Petite cassure sur la table. 359mm.,800
881,"Archet de violon de l'Ecole de BAZIN dans le style de P. COLAS, monté maillechort. 55g, sans mèche et",
"",garniture soie. Coup dessus baguette. Bon état.,300
882,"ViolonMirecourt XXème, portant étiquette apocryphe Vuillaume. Assez bon état. 359mm",300
883,"Archet de violon de l'Atelier de C.N. BAZIN, signé C. Bazin, monté maillechort, bouton de même",
"","époque. 46g, sans mèche ni garniture. Assez bon état.",500
884,"Violon de Charles CLAUDOT fait à Mirecourt vers 1820-­‐1830, signé Marquis de l'air. Quelques",
"",restaurations. 362mm.,600
885,"Baguette d'archet de violon de l'Ecole de PAJEOT, bois exotique avec hausse et bouton postérieurs",
"","montés maillechort adaptés à cette baguette avec une coulisse Vuillaume. 55g, sans mèche ni",
"",garniture ni passant. Assez bon état.,600
886,"Violon Mirecourt XXème fait en modèle ""Viotti"" portant étiquette et marque au fer de Viotti. Joint de",
"","fond décollé, cassures sur la table. 356mm.",600
887,"Archet de violoncelle 3/4 de l'Ecole de PFRETZSCHNER, monté maillechort, avec bouton même",
"","époque. 62g5, avec garniture soie. Bon état.",500
888,Violon de l'école allemande début XXème portant étiquette apocryphe de Bergonzi. Cassure sur la,
"",table. 362mm.,500
889,"Archet de violon de l'Ecole de OUCHARD, avec bouton de même époque montés maillechort. 48g5,",
"",sans mèche ni garniture. Assez bon état.,300
890,Violon Mirecourt XXème fait dans les ateliers LABERTE en modèle Guadagnini dont il porte une,
"",étiquette apocryphe. Petite cassure sur la table près de la barre. 360mm.,700
891,"Archet de violon de J.T.L., signé Ch. Buthod, monté argent. 60g5. Légères grattes tête et petite gerce",
"",arrière baguette. Bon état.,600
892,"Violoncelle 1/2 fait dans les ateliers J.T.L., portant étiquette apocryphe Stradivarius. Légères",
"",restaurations sur la table.,600
893,"Archet de violon de Louis BAZIN, signé, hausse et bouton de même époque montés argent. 55g5,",
"",sans garniture. Fentes tête. Assez bon état.,500
894,Violon de JEROME THIBOUVILLE LAMY fait à Mirecourt début XXème en modèle Marquis de l'air. Bon,
"",état. 359mm.,400
895,"Archet de violon de Louis BAZIN, signé C. Bazin, monté maillechort. 58g5, sans mèche. Coup de vent",
"",centre baguette et fente arrière. Assez bon état.,600
896,Violoncelle XIXème. Nombreux accidents dont une cassure d'âme au fond. 745mm.,300
897,"Archet de violon de MORIZOT FRERES signé A. Leroy, mont maillechort, 48g8, sans mèche garniture",
"",fine. Gerce à la baguette. Bon état.,400
898,ViolonMirecourt XXème signé Marquis de l'Air sur le fond. Assez bon état. 360mm.,150
899,"Archet de violon de l'Atelier de SIMON Fr., abeille monté maillechort. 48g, sans mèche ni garniture.",
"",Manque bois arrière baguette.,200
900,"Violon de LABERTE HUMBERT fait à Mirecourt au millésime de 1928 n°6296, portant étiquette de",
"",Laberte Humbert. Bon état. 359mm.,1000
901,"Archet de violon de J.T.L., signé Billotet à Paris, avec hausse de même époque montée argent. 46g,",
"",sans mèche ni garniture. Assez bon état.,300
902,"Violon fait à Mirecourt XXème dans les ateliers LABERTE, portant étiquette de Clotelle. Bon état.",
"",359mm.,400
903,"Archet de violon de l'Atelier de L. BAZIN, monté maillechort. 58g. Légère gerce côté mortaise vis et",
"",écrou. Bon état.,500
904,"Violon Mirecourt XXème fait dans les ateliers LABERTE, portant étiquette apocryphe Lupot. Assez bon",
"",état. 359mm,500
905,"Archet de violon, signé Aug. Edwin Prager, avec hausse de même époque montée argent. 55g5, sans",
"",mèche. Assez bon état.,750
906,Joli violon de JEROME THIBOUVILLE LAMY fait vers 1900 en modèle Buthod dont il porte une,
"",étiquette. Assez bon état. 358mm,1500
907,"Baguette d'archet de violon de l'Ecole de PAJEOT, amourette, hausse et bouton postérieurs montés",
"",maillechort. 60g. Enture de pans. Assez bon état.,500
908,Violon 1/2Mirecourt XXème. Assez bon état.,150
909,"Archet de violon de LABERTE, signé ""Tourte"", monté maillechort . 51g5, sans mèche et garniture fine.",
"",Bon état.,300
910,"Joli violon de JEROME THIBOUVILLE LAMY fait à Mirecourt vers 1900, portant étiquette apocryphe",,
"",Stradivarius. Assez bon état. 358mm,,1000
911,"Archet d'alto de l'Ecole de BAZIN, bois exotique monté maillechort. 65g, avec mèche et garniture",,
"",fines. Bon état.,,200
912,ViolonMirecourt XXème portant étiquette de Chipot Vuillaume. Bon état. 360mm,,800
913,"Archet de violon allemand 1950, hausse postérieure montée argent, bouton maillechort. 46g5, sans",,
"",mèche ni garniture. Assez bon état.,,500
914,Violon XXème de l'école de Prague. Joint de table décollé. 362mm,,600
915,"Archet de violon de L. MORIZOT Frères, monté maillechort. 60g5. Trou de vers rebouché baguette.",,
"",Bon état.,,600
916,"Violon fait à Mirecourt dans les ateliers COUESNON et vendu par Léon Bernardel en 1927, portant",,
"",étiquette de Léon Bernardel. Bon état. 359mm.,,1000
917,"Baguette d'archet de violon d'Auguste LENOBLE, signée. 33g, avec garniture. Trace mortaise tête.",,
"",Assez bon état.,,300
918,Violon 1/2Mirecourt XXème portant étiquette apocryphe Guarnerius. Assez bon état.,,150
919,"Archet de violon de l'Ecole allemande, bois exotique monté argent. 63g. Assez bon état.",,300
920,"Violon allemand de l'école de Hopf vers 1800, portant marque au fer apocryphe de Hopf. Différentes",,
"",restaurations. 357mm,,800
921,"Baguette d'archet de violon XIXème faite en modèle ""Tourte"", signée, hausse et bouton de même",,
"",époque. 52g. Bon état.,,400
922,"Violon fait à Mirecourt début XXème dans les ateliers J.T.L., portant étiquette apocryphe de Ricozali.",,
"",Assez bon état. 358mm.,,500
923,"Baguette d'archet d'alto de l'Ecole de PECCATTE, portant marque au fer de Peccatte, hausse et",,
"","bouton postérieurs en métal doré. 65g5, avec mèche et garniture fines. Assez bon état.",,500
924,"ViolonMirecourt XXème, portant étiquette apocryphe de Marc Laberte. Quelques restaurations sur la",,
"",table. 359mm.,,500
925,"Archet de violon de Louis BAZIN, monté maillechort. 56g. Gerce centre baguette. Bon état.",,600
926,Violon fait à Mirecourt XXème dans l'atelier d'Amédée DIEUDONNE . Petite cassure sur la table.,,
"",354mm.,,1000
927,"Archet de violon de l'Ecole allemande 1930, monté argent. 57g5, avec mèche fine et garniture",,
"",moyenne. Bon état.,,500
928,ViolonMirecourt XXème portant étiquette Pailliot. Assez bon état. 358mm.,,300
929,"Archet de violon de L. MORIZOT Frères, signé, monté argent. 54g, sans mèche ni bouton. Eclat arrière",,
"",tête et cassure dessus mortaise vis et écrou.,,200
930,"Violon de JEROME THIBOUVILLE LAMY fait à Mirecourt début XXème, portant étiquette apocryphe",,
"",Stradivarius. Assez bon état. 358mm,,800
931,"Archet d'alto de LABERTE, monté maillechort. 60g, sans mèche ni garniture. Nœud baguette. Bon",,
"",état.,,500
932,Violon début XXème des pays de l'est. Cassure sur la table. 361mm,,600
933,"Archet de violon de François LOTTE, signé Lavest, monté maillechort. 59g. Bon état.",,750
934,ViolonMirecourt fin XIXème vendu par Gauthié dont il porte une étiquette. Assez bon état. 357mm.,,600
935,"Archet de violon de E. Fr. OUCHARD Père, signé Cuniot-­‐Hury, monté maillechort. 52g, sans mèche et",,
"",garniture soie. Nœud baguette. Bon état.,,1000
936,Violon d'H. Emile BLONDELET fait à Mirecourt au millésime de 1933 portant étiquette et marque au,,
"",fer sur l'éclisse arrière. Assez bon état. 360mm,,800
937,"Archet de violon de J.T.L., signé Feret Marcotte à Paris, monté argent. 64g. Bon état.",,750
938,Violoncelle d'étude médio fino. Différentes restaurations. 760mm.,,300
939,"Archet d'alto de l'Ecole de BAUSCH, monté maillechort. 57g, sans mèche et garniture soie. Coup de",,
"",vent baguette et une virole bouton dessoudée. Assez bon état.,,300
940,"Violon de JEROME THIBOUVILLE LAMY fait à Mirecourt début XXème, portant étiquette apocryphe de",
"",Stainer et étiquette de Beuscher. Assez bon état. 359mm.,400
941,"Archet de violon de l'Ecole allemande de 1950, signé Voirin, monté argent. 49g, sans mèche. Eclat",
"",dessus tête et coup baguette. Assez bon état.,500
942,"Violon de JEROME THIBOUVILLE LAMY fait à Mirecourt début XXème, portant étiquette apocryphe de",
"",Celoniatus. Bon état. 361mm.,600
943,"Archet de violon de l'Ecole allemande 1930, monté argent. 57g5, avec garniture argent fine. Eclats et",
"","fentes hausse, trace mortaise vis et écrou. Assez bon état.",500
944,Violon de Joseph CHAROTTE fait à Mirecourt vers 1820. Tête remplacée et quelques restaurations.,
"",359mm.,600
945,"Archet de violon de CUNIOT-­‐HURY, signé, monté maillechort. 42g, sans mèche ni garniture. Fentes",
"",hausse et mamelon endommagé et trace perçage sous garniture. Assez bon état.,600
946,Alto petite taille fait vers 1900 des pays de l'est. Différentes restaurations. 389mm,500
947,"Archet de violon de Célestin Emile CLASQUIN, signé, monté maillechort. 55g, avec mèche fine et sans",
"",garniture. Léger éclat pointe. Bon état.,600
948,"ViolonMirecourt XXème, portant étiquette apocryphe de Stradivarius. Assez bon état. 358mm",400
949,"Archet de violon de l'Ecole allemande vers 1930, signé Charles Brugère, monté maillechort. 51g5.",
"",Assez bon état.,150
950,Violon de l'école allemande fait vers 1800. Assez bon état. 351mm.,1000
951,"Archet d'alto de l'Ecole de SIMON, signé Vuillaume, bois de fer bouton os. 62g, sans garniture. Eclat",
"",hausse et mortaise vis et écrou. Assez bon état.,150
952,"Violon Mirecourt XXème vendu par Collin Mezin fils, portant étiquette apocryphe de Stradivarius. Bon",
"",état. 351mm.,600
953,"Archet de violon de L. MORIZOT Frères, signé, monté maillechort. 46g, sans mèche et garniture",
"",légère. Bon état.,800
954,Violon 1/2 Mirecourt XXème portant étiquette apocryphe de Stradivarius. Quelques restaurations sur,
"",la table.,150
955,"Archet de violoncelle de Louis BAZIN, signé A. Deblaye, avec hausse de même époque montée",
"",maillechort. 74g5. Fin de gerces baguette. Bon état.,800
956,"Violon de JEROME THIBOUVILLE LAMY fait à Mirecourt début XXème, portant étiquette apocryphe de",
"",Stradivarius. Bon état. 358mm.,800
957,"Archet de violon français première moitié XIXème, bois exotique. 55g, sans mèche ni garniture. Eclats",
"",hausse. Assez bon état.,500
958,"Alto moderne, portant étiquette Mirando. Bon état. 394mm",500
959,"Archet de violon de l'Ecole allemande 1930, monté maillechort. 56g, avec garniture soie. Bon état.",300
960,"Violon de JEROME THIBOUVILLE LAMY fait à Mirecourt début XXème, portant étiquette de J.T.L.. Bon",
"",état. 362mm.,800
961,"Archet de violon de L. MORIZOT Frères, monté maillechort. 49g, sans mèche. Bon état.",600
962,Violon de l'école allemande début XXème portant étiquette de Schweitzer. Assez bon état. 361mm.,600
963,"Baguette d'archet de violon de l'Ecole de OUCHARD, hausse et bouton de L. MORIZOT Frères montés",
"","argent. 52g5, sans mèche ni garniture. Eclat hausse. Assez bon état.",500
964,"Violon de l'école allemande début XXème, portant étiquette apocryphe Amatus. Bon état. 358mm.",400
965,"Baguette d'archet de violon de Prosper COLAS, signé (vestige de marque), hausse et bouton",
"","postérieurs montés maillechort. 57g, sans mèche ni garniture. Légère fente arrière tête. Assez bon",
"",état.,600
966,Violon de JEROME THIBOUVILLE LAMY fait à Mirecourt début XXème en modèle Grandini. Assez bon,
"",état. 359mm.,700
967,"Baguette d'archet de violon de Prosper COLAS, signé (vestige de marque), hausse et bouton",
"","postérieurs montés maillechort. 57g, sans mèche ni garniture. Légère fente arrière tête. Assez bon",
"",état.,700
968,"Violon de l'école allemande début XXème, portant étiquette Neuner & Hornsteiner. Touche cassée.",
"",363mm,300
969,"Archet de violon de CUNIOT-­‐HURY, signé C.H., monté maillechort. 53g, avec garniture soie. Léger",
"",éclat dessus tête. Assez bon état.,300
970,Violon de Georges CHERPITEL fait à Mirecourt au millésime de 1935 n°7548. Bon état. 357mm,1000
971,"Archet de violon d'Emile OUCHARD, signé Lavest, monté maillechort. 52g2. Cassure bas baguette.",
"",Assez bon état.,500
972,Alto petite taille de l'école allemande fin XIXème début XXème. Assez bon état. 389mm,600
973,"Archet de violon de Louis BAZIN, signé Lupot, monté maillechort. 57g5. Gerce baguette. Bon état.",600
974,Violon XXème des pays de l'est. Cassure sur la table près de la barre. 359mm.,500
975,"Archet de violon de François LOTTE, signé P. Hel à Lille, monté argent. 55g5, avec mèche fine et",
"",garniture fil. Bon état.,1000
976,"Violon fait à Mirecourt XXème dans les ateliers LABERTE en modèle Torelli, portant étiquette de",
"",Torelli. Talon cassé. 360mm.,400
977,Baguette d'archet de violon de l'école de MAIRE en bois d'amourette. 42g. Fente arrière centre et,
"",côté tête. Assez bon état.,750
978,"Violon de l'école allemande début XXème, portant étiquette apocryphe Stradivarius. Assez bon état.",
"",360mm,400
979,"Baguette d'archet d'alto de l'Ecole de PFRETZSCHNER, hausse et bouton postérieurs signés Götz et",
"","montés argent. 61g, sans mèche ni garniture. Assez bon état.",300
980,"Violon fait dans les ateliers LABERTE-­‐HUMBERT en modèle Justin Derazey, portant étiquette de",
"",Derazey. Bon état. 361mm.,800
981,"Archet de violon de Louis MORIZOT Père, signé Simon Fr., monté maillechort. 55g5.",800
982,Violon de l'école allemande début XXème fait en copie Guarnerius del Gesu. Joint de table décollé.,
"",357mm.,500
983,"Archet de violon de François LOTTE, monté maillechort. 48g, sans mèche et garniture soie. Très bon",
"",état.,400
984,Violon d'Albert DEBLAYE fait à Mirecourt au millésime de 1926 n°2505 dont il porte une étiquette.,
"",Bon état. 353mm.,1200
985,"Archet de violoncelle de Pierre CUNIOT, monté maillechort. 60g5, sans mèche et garniture légère.",
"",Fentes hausse. Assez bon état.,750
986,"Violon XXème, portant étiquette apocryphe de Laberte Humbert. Bon état. 356mm.",400
987,"Archet de violon de l'Ecole de KNOPF, monté maillechort, passant argent. 58g, avec garniture soie.",
"","Eclat hausse et mortaise vis et écrou, petite fente arrière tête. Assez bon état.",500
988,Violon Mirecourt fait dans les ateliers LABERTE en 1930 portant étiquette de Landolfus. Bon état.,
"",356mm. Avec archet,800
989,"Lot de onze archets de l'Ecole de BAZIN, bois d'abeille monté maillechort. Assez bon état.",200
990,ViolonMirecourt XIXème. Gerce sur la table. 363mm.,400
991,"Archet de violon de l'Atelier de OUCHARD, monté maillechort. 63g5. Assez bon état.",400
992,Violon seconde partie XIXème portant étiquette apocryphe Stradivarius. Assez bon état. 359mm.,300
993,"Archet de violon de l'Ecole de DODD, monté ivoire. 55g, sans garniture. Fente arrière tête et coups",
"",baguette. Assez bon état.,500
994,Violon français province XVIIIème portant étiquette apocryphe de Guersan. Quelques éclisses,
"",remplacées et nombreuses restaurations. 353mm.,600
995,Archetminiature. Bon état.,500
996,Violon XXème portant étiquette de Pilat. Assez bon état. 357mm. Avec archet,200
997,"Archet de violon de J.T.L., monté maillechort. 58g5, avec mèche et garniture fil. Assez bon état.",150
998,"Alto XXème des pays de l'est, portant étiquette apocryphe de Stradivarius. Cassure de barre. 390mm",200
999,"Archet de violon de J.T.L., monté maillechort. 52g, sans mèche ni garniture ni bouton. Bon état.",250
1000,ViolonMirecourt XXème fait dans les ateliers LABERTE HUMBERT. Assez bon état. 357mm,1000
1001,"Archet de violon 1/4 de CUNIOT-­‐HURY, abeille monté maillechort. 32g, sans mèche ni garniture.",
"",Assez bon état.,150
1002,"Violon français province XVIIIème fait dans le style de Grand Gérard, tête française remplacée de",
"",FREBRUNET. Quelques restaurations. 359mm,300
1003,"Archet de violon de CUNIOT HURY, signé, monté maillechort. 48g5, sans mèche et garniture soie. Bon",
"",état.,500
1004,Violon début XXème portant étiquette Jules Lamy. Assez bon état. 357mm. Avec archet,400
1005,"Archet de violon de CUNIOT-­‐HURY, signé Lupot, monté maillechort. 53g, avec garniture soie. Nœud",
"","baguette et mamelon endommagé, très légère gerce derrière tête et éclat arrière baguette. Bon état.",800
1006,"Violon de Didier NICOLAS Ainé fait à Mirecourt vers 1830, portant marque au fer et signature de",
"",Nicolas Ainé. Différentes restaurations sur la table. 361mm,400
1008,Violon de l'école allemande début XXème portant étiquette apocryphe de Stradivarius. Différentes,
"",restaurations. 362mm,300
1009,Violon de CHENANTAIS et LE LYONNAIS fait à Nantes au millésime de 1935 n° 167. Assez bon état.,
"",358mm.,1000
1010,Violon de l'école allemande fait vers 1900 portant étiquette apocryphe Stradivarius. Cassure sur la,
"",table. 356mm.,500
1011,Violon de JEROME THIBOUVILLE LAMY fait à Mirecourt XXème en modèle Sarasate. Assez bon état.,
"",358mm,300
1012,"Violon de JEROME THIBOUVILLE LAMY fait à Mirecourt début XXème, portant étiquette de J.T.L. et",
"",étiquette apocryphe Stradivarius. Assez bon état. 358mm.,600
1013,Violon de l'école allemande fin XVIIIème. Quelques restaurations sur la table et le fond. 353mm.,800
1014,"Violon 3/4Mirecourt fait vers 1900, portant étiquette apocryphe de Stradivarius. Eclisse accidentée.",100
1015,Violon fait dans les ateliers LABERTE à Mirecourt XXème en modèle Clotelle dont il porte une,
"",étiquette. Bon état. 361mm.,450
1016,Violon XXème fait en modèle Maggini et vendu par Léon Bernardel. Assez bon état. 359mm.,300
