"",VICHY ENCHERES,
"",Mes Guy et Etienne LAURENT – Commissaires-­‐priseurs,
"","16, Avenue de Lyon – 03200 – VICHY",
"",Tél : 04-­‐70-­‐30-­‐11-­‐20 -­‐ Fax : 04-­‐70-­‐30-­‐11-­‐29,
"",Email : vichy.encheres@gmail.com,
"",www.interencheres.com,
"",Mardi 7 Juin 2011 à 18h,
"",Instruments du quatuor,
2000,Violon 1/2 Mirecourt XXème portant étiquette apocryphe Stradivarius. Assez bon état.,80
2001,"Archet de violoncelle de l'Atelier de Ch.N. BAZIN, abeille monté maillechort. 68g, sans mèche et",
"",garniture cuir. Bloqué et fendu arrière. Assez bon état.,50
2002,Violon 3/4 Mirecourt XXème. Assez bon état.,80
2003,"Archet de violon de J.T.L., signé Buthod, monté maillechort. 53g5, sans mèche ni garniture. Pièce côté",
"",tête.,50
2004,Violon 3/4 Mirecourt XXème. Assez bon état.,100
2005,"Baguette d'archet de violoncelle de LABERTE signé Fr. Lotte en bois d'abeille, hausse et bouton de C.N.",
"","BAZIN montés maillechort. 66g5, sans mèche ni garniture. Coulisse endommagée. Assez bon état.",150
2006,"Violon 3/4 Mirecourt XXème, portant étiquette de Guarnerius. Bon état.",100
2007,"Archet de violon de J.T.L., signé ""N. Duchène"", bois d'abeille, monté maillechort. 61g. Bon état.",50
2008,Violon 3/4 Mirecourt XXème portant étiquette apocryphe Stradivarius. Assez bon état.,80
2009,"Archet de violon 3/4 de l'Atelier de C.N. BAZIN, monté maillechort. 37g, sans mèche ni garniture. Bon",
"",état.,80
2010,"Violon XXème. Différentes restaurations, talon manquant. 358mm",150
2011,"Archet de violon de l'Ecole allemande vers 1950, abeille monté maillechort et ivoire. 59g. Assez bon état.",50
2012,"Violon 3/4 Mirecourt XXème, portant étiquette apocryphe Stradivarius. Assez bon état.",80
2013,"Archet de violon allemand 1950, monté maillechort. 50g5, sans garniture. Assez bon état.",100
2014,Violon fait dans les ateliers JTL XXème. Cassure sur la table. 359mm,100
2015,"Archet de violon allemand, monté maillechort. 51g, sans mèche ni garniture. Assez bon état. On joint un",
"","archet de violon allemand 1950, monté maillechort. 57g, avec garniture soie. Assez bon état.",150
2016,Violon allemand début XXème signé au talon Ole Bull. Différentes restaurations. 362mm,80
2017,"Archet de violon de J.T.L., signé Sarasate élève, monté maillechort. 52g5, sans mèche et garniture",
"",légère. Assez bon état.,150
2018,Violon 1/2 Mirecourt XXème Médio fino. Assez bon état.,50
2019,"Archet de violon de R. PAESOLD, signé, monté maillechort. 64g5. Assez bon état.",100
2020,"Violon Français province XIXème, portant marque au fer apocryphe de H. Derazey. Différentes",
"",restaurations sur la table et la tête. 365mm,150
2021,"Archet de violon de l'Ecole de KNOPF, monté maillechort. 52g, sans mèche et garniture légère. Fente",
"",niveau mortaise vis et écrou. Assez bon état.,80
2022,Violon Mirecourt début XXème portant étiquette apocryphe Stradivarius. Assez bon état. 360mm,100
2023,"Archet de violon allemand 1950, monté maillechort. 47g, sans mèche ni garniture. Assez bon état.",100
2024,"Violon 3/4 Mirecourt XXème, portant étiquette Mansuy. Bon état.",100
2025,"Archet de violon de J.T.L., signé Sarasate el, monté maillechort. 59g5, sans mèche ni garniture. Assez",
"",bon état.,150
2026,Violon 1/2 Mirecourt XXème portant étiquette Bertholini. Assez bon état.,80
2027,"Archet de violon 3/4 de l'Ecole de OUCHARD, bois exotique monté maillechort. 48g, sans mèche ni",
"",garniture. Grattes baguette. Bon état.,150
2028,Violon. Piqures de vers sur la table,20
2029,"Archet de violon de J.T.L., abeille monté maillechort. 54g, sans garniture. Assez bon état.",50
2030,Violon fin XIXème des pays de l'est. Quelques restaurations. 356mm.,150
2031,"Lot de trois archets de violon, abeille maillechort dont un L. Morizot Frères, signé ""Tourte"", un allemand",
"",et un J.T.L.. Assez bon état.,70
2032,Violon 3/4 Mirecourt XXème. Assez bon état.,100
2033,"Archet de violon 1/2 de l'Ecole de SIMON, bois de fer monté maillechort. 43g, sans garniture. Bon état.",150
2034,Violon XIXème. Table remplacée. Assez bon état. 357mm.,100
2035,"Archet de violon de J.T.L., signé Grandini, monté maillechort. 55g, sans garniture. Assez bon état.",150
2036,Violon debut XXème. Quelques restaurations sur la table. 362mm.,150
2037,"Archet de violon de LABERTE, abeille monté maillechort. 50g, sans mèche ni garniture. Bon état.",50
2038,Violon 1/2 Mirecourt XXème portant étiquette apocryphe Stradivarius. Cassure d'âme sur la table.,30
2039,"Archet de violon ARY France, monté maillechort. 59g. Bouton de même époque. Bon état.",60
2040,"Violon fait dans les ateliers J.T.L. à Mirecourt début XXème, portant étiquette apocryphe de Kloz. Assez",
"",bon état. 360mm.,150
2041,"Archet de violon allemand XXème 7/8, signé N.E. Simoutre, monté maillechort. 59g. Assez bon état.",50
2042,Violon 3/4 Mirecourt XXème portant étiquette Carel. Bon état.,100
2043,Baguette d'archet de violon démontable de l'Ecole de FETIQUE. 37g. Bon état.,80
2044,"Violon allemand début XXème. Différentes restaurations, sans sa touche. 357mm.",100
2045,"Archet de violon de l'Ecole de PFRETZSCHNER, monté maillechort. 54g5, avec garniture soie. Viroles",
"","dessoudées. Bon état. On joint un archet de violon 3/4 allemand moderne, signé G. Werner, monté",
"","maillechort. 51g, sans mèche. Assez bon état.",150
2046,Violon d'étude Mirecourt XXème Médio Fino. Assez bon état. 357mm.,30
2047,"Archet de violon de Prosper COLAS, signé P.C., monté maillechort. 55g. Bon état.",80
2048,Violon 1/2 Mirecourt XXème. Sans sa touche. Assez bon état.,50
2049,"Archet de violon de l'Ecole allemande 1920, signé Lupot, monté maillechort, bouton de même époque.",
"",Fendu et recollé bas tête. Assez bon état.,80
2050,"Violon allemand XXème, portant une étiquette illisible. Différentes restaurations sur la table. 355mm.",200
2051,"Archet allemand XXème, signé Lupot apocryphe, bois d'abeille, monté maillechort. 59g5. En l'état.",30
2052,Violon d'étude Mirecourt XXème portant étiquette Compagnon. Assez bon état. 357mm.,100
2053,"Baguette d'archet de violon de l'Ecole de BAZIN, hausse et bouton postérieurs montés maillechort. 59g5,",
"",sans garniture. Assez bon état.,150
2054,Violon 1/2 Mirecourt XXème fait dans les ateliers J.T.L. portant étiquette apocryphe Stradivarius. Assez,
"",bon état.,100
2055,"Lot de quatre archets de l'Ecole de BAZIN en abeille maillechort dont un L. MORIZOT Frères, signé",
"","""Tourte"" en assez bon état.",150
2056,Violon 1/2 allemand XXème portant étiquette apocryphe de Stradivarius. Différentes restaurations.,100
2057,Baguette d'archet de violon de l'Ecole de BAZIN. 36g. Trâce brûlure centre. Assez bon état.,50
2058,Violon d'étude Mirecourt XXème portant étiquette Compagnon. Assez bon état. 358mm,100
2059,Lot de deux archets allemand. En assez bon état.,100
2060,Violon de l'école allemande début XXème. Assez bon état. 361mm.,150
2061,"Baguette d'archet de violon de l'Ecole de GAULARD en bois exotique, hausse et bouton postérieurs",
"","montés maillechort. 51g, sans mèche ni garniture. Bon état.",100
2062,"Violon 3/4 Mirecourt XXème, portant étiquette le Parisien. Bon état.",100
2063,"Archet de violon 1/2 Mirecourt XXème, abeille monté maillechort. 37g5, avec mèche et garniture fines.",
"",Bas baguette cassé.,30
2064,Violon 3/4 Mirecourt XXème fait en modèle Breton. Bon état.,80
2065,"Archet de violon de l'Ecole de BAZIN, monté maillechort. 46g5, sans mèche ni garniture. Assez bon état.",150
2066,"Violon 1/4 Mirecourt XXème medio-­‐fino. Fond abîmé., avec deux archets",50
2067,"Archet allemand XXème, bois abeille, os et maillechort. 61g5. Assez bon état.",30
2068,Violon 3/4 Mirecourt XXème. Bon état.,80
2069,"Lot de deux archets de violon 3/4 dont un de l'Atelier de Prosper COLAS, monté maillechort. 45g, sans",
"","mèche. Assez bon état, et un signé P.C., monté maillechort. 42g, sans mèche ni garniture",50
2070,Violon d'étude Mirecourt XXème. Bon état. 359mm.,100
2071,"Baguette d'archet de violon de J.T.L., hausse et bouton allemand montés maillechort. 53g. Gerce",
"",baguette. Assez bon état.,30
2072,"Violon 1/2 Mirecourt XXème, sans sa touche.",60
2073,"Archet de contrebasse de LABERTE, abeille, monté maillechort. 131g, sans garniture. Bon état.",50
2074,"Violon XXème des pays de l'est, portant étiquette de Stradivarius. Bon état. 361mm.",150
2075,"Archet de violon de l'Ecole de SIMON, abeille monté maillechort, bouton postérieur. 55g, sans garniture.",
"",Hausse ouverte,100
2076,Violon d'étude Mirecourt fait dans les ateliers JTL étiquette Stentor. Assez bon état. 358mm. Avec,
"",archet.,100
2077,"Archet de violon 1/2 de l'Ecole de BAZIN, monté maillechort. 37g, sans mèche ni garniture. Légère gerce",
"",baguette. Assez bon état.,50
2078,Violon 3/4 Mirecourt XXème médio fino. Assez bon état.,30
2079,"Archet de violon de Prosper COLAS, signé P.C., abeille monté maillechort. 58g5, avec mèche fine. Assez",
"",bon état.,50
2080,Violon allemand début XXème portant étiquette August Neumaker. Bon état. 363mm,200
2081,Lot de quatre archets dont trois de petites tailles et une partie de J.T.L.. En l'état.,50
2082,Violon Mirecourt XXème portant étiquette apocryphe de Vuillaume. Table remplacée. Bon état. 359mm.,50
2083,"Archet de contrebasse de Louis BAZIN, hausse et bouton postérieurs, abeille monté maillechort. 126g,",
"",sans mèche ni garniture. Assez bon état.,50
2084,Violon des Pays de l'Est fin XIXème. Quelques restaurations. 359mm,150
2085,"Archet de violon allemand 1950, monté maillechort. 51g5, sans mèche. Une virole bouton dessoudée.",
"",Bon état.,150
2086,Violon allemand fin XIXème portant étiquette de Joseph Gottler. Différentes restaurations et galeries de,
"",vers. 355mm,100
2087,Lot de trois archets dont un Ecole de BAZIN. En l'état.,50
2088,Violon de l'école allemande XXème. En l'état. 360mm.,40
2089,"Archet de violon allemand, signé Paesold, monté maillechort. 61g5, avec garniture baleine. Bon état.",30
2090,Violon 3/4 Mirecourt XXème portant étiquette apocryphe Stradivarius. Bon état.,100
2091,"Archet de violon 1/4, monté maillechort. 29g, sans mèche. En l'état.",50
2092,Violon d'étude XXème des Pays de l'Est. Vernis abîmé sur la table. 359mm,30
2093,"Archet de violon 3/4, monté maillechort. 54g3, avec mèche fine et garniture cuir. Coulisse en aluminium.",
"",Assez bon état.,100
2094,Violon 3/4 XXème portant étiquette apocryphe Amatus. Différentes restaurations.,50
2095,"Baguette et bouton d'archet d'alto de l'Ecole de MARTIN en bois exotique, hausse de même époque,",
"","monté maillechort. 59g, sans mèche ni garniture. Petits éclats et gerce baguette. Assez bon état. On",
"","joint un archet de violon de l'Ecole de WEISHOLD, monté argent. 52g, sans mèche ni garniture. Fendu et",
"",claveté tête. Assez bon état.,150
2096,Violon XXème des Pays de l'Est. Assez bon état. 360mm,100
2097,Important lot d'archets divers. En l'état.,30
2098,Violon de l'école allemande. Tête cassée. 356mm,30
2099,"Archet de violon Mirecourt XXème, abeille monté maillechort. 55g, sans mèche ni garniture. Bas",
"",baguette cassé. Assez bon état.,30
2100,Violon allemand XXème portant étiquette Alois M. Palfner. Différentes restaurations sur la table.,
"",355mm,150
2101,"Archet de violon Mirecourt XXème, abeille monté maillechort. 51g5, sans mèche ni garniture. Assez bon",
"état.",30,
2102,Violon 1/2 allemand XXème. Manche cassé. et violon d'étude industriel des pays de l'est. 360mm,20
2103,"Archet de violon de l'Ecole de WEISCHOLD, monté maillechort. 46g, sans mèche ni garniture. Virole",
"",dessoudée. Assez bon état.,100
2104,"Violon XXème, travail d'amateur. Assez bon état. 358mm",100
2105,"Archet d'alto allemand XXème, monté maillechort. 63g5. Bon état.",80
2106,Violon XXème des Pays de l'Est portant étiquette Jais. Assez bon état. 361mm.,150
2107,Lot de trois archets et deux baguettes. En l'état.,60
2108,Violon de l'école allemande fin XIXème fait en modèle Hopf. Différentes restaurations sur la table dont,
"",une cassure d'âme. 355m,150
2109,"Baguette d'archet de violon 1/2 Française XIXème, bois de fer. 34g3. En l'état.",30
2110,Violon d'étude Mirecourt XXème. Assez bon état. 358mm,200
2111,"Lot d'archets en abeille, montés maillechort avec une baguette XIXème.",250
2112,Violon d'étude Mirecourt XXème étiquette apocryphe Stentor. Cassure d'âme sur la table. 362mm.,80
2113,Lot de trois archets Mirecourt. En l'état,50
2114,Violon d'étude de l'école allemande début XXème. Piqures de vers sur le fond. 355mm,100
2115,"Archet de contrebasse de L. MORIZOT Frères, abeille monté maillechort. 115g, sans mèche ni garniture.",
"",Assez bon état.,100
2116,Lot de deux violons 3/4. Assez bon état.,150
2117,Lot de douze archets en abeille. En l'état.,50
2118,Violon des Pays de l'Est portant étiquette Stradivarius. Cassure de barre. 358mm.,20
2119,"Archet de violon de l'Ecole de BAZIN, signé Tourte, monté maillechort. 50g5, sans mèche. Bon état.",30
2120,Violon XIXème. Différentes restaurations. 359mm.,150
2121,Lot de deux archets français XIXème. En l'état.,50
2122,Violon XIXème étiquette apocryphe de Scarampella.,40
2123,"Archet de violon de l'Ecole de BAZIN. 52g5, sans mèche. Bon état.",100
2124,Violon de l’école française XVIIIème travail d'amateur. Assez bon état. 356mm.,100
2125,"Archet de violon de Laberte signé V.J. Ferelli, monté maillechort. 55g. Fente côté tête. Bon état.",100
2126,Lot de deux violons 3/4 Mirecourt XXème. Assez bon état.,150
2127,"Archet de violon de Prosper COLAS, signé P.C., abeille. 49g, sans mèche ni garniture. Bon état.",80
2128,Violon début XXème. Nombreuses traces de vers sur la table et table dévernie. Différentes,
"",restaurations. 358mm.,50
2129,Important lot d'archets divers. En l'état.,30
2130,Violon XIXème probablement de l'école allemande portant étiquette Neuner et Honrsteiner. Différentes,
"",restaurations. 355mm,150
2131,"Lot de sept archets de violoncelle toutes tailles, abeille montés maillechort. En l'état.",50
2132,Violon 3/4 début XXème de l'école allemande. Assez bon état.,100
2133,"Lot de deux archets de violoncelle, abeille montés maillechort. Assez bon état.",80
2134,Violon Mirecourt XXème portant étiquette apocryphe de Stradivarius. Cassure sur le fond. 356mm,200
2135,"Baguette d'archet d'alto de l'Ecole de SIMON en bois exotique, hausse et bouton postérieurs montés",
"","maillechort. 59g, sans mèche ni garniture. Assez bon état. On joint un archet de violon allemand 1960,",
"","monté maillechort. 55g5, sans garniture. Assez bon état.",150
2136,Violon 1/2 Mirecourt XXème. Bon état.,150
2137,"Archet de violoncelle allemand 1970, monté maillechort. 66g5, avec garniture plastique. Bon état.",60
2138,Violon 1/2 Mirecourt XXème portant étiquette apocryphe Stradivarius. Assez bon état.,100
2139,Lot de trois archets toutes tailles. En l'état,20
2141,"Archet de violon Ecole de PAJEOT, abeille. 50g, sans mèche ni garniture ni bouton.",80
2142,"Violon allemand début XXème, signé apocryphe Stainer. Quelques restaurations sur le manche. 361mm.",50
2143,"Archet de violon allemand 1940, monté écaille, ivoire et maillechort. 57g, avec mèche et garniture fines.",
"",Partie hausse manquante. Assez bon état.,100
2144,Violon 1/2 Allemand XXème. Assez bon état.,50
2145,"Archet de violon de J.T.L., monté maillechort. 53g, sans mèche ni garniture. Gerce baguette et tête. Bon",
"",état.,100
2146,Violon 1/2 d'étude XXème,50
2147,"Archet de violon de l'Ecole de BAZIN, monté maillechort. 53g5, sans mèche ni garniture. Bon état.",50
2148,Violon 1/2 XVIIIème français travail d'amateur. Différentes restaurations.,100
2149,"Archet de violon de J.T.L., abeille monté maillechort. 52g, sans mèche et garniture soie. Assez bon état.",20
2150,Violon allemand XXème portant étiquette apocryphe de Stradivarius. Différentes restaurations. 358mm.,150
2151,Important lot d'archets divers. En l'état.,30
2152,Violon 1/2 Mirecourt XXème portant étiquette apocryphe de Stradivarius. Bon état.,150
2153,"Archet de violon de l'Ecole allemande 1930, signé ""Tourte"", monté maillechort. 55g. Assez bon état.",150
2154,Violon 1/4 Mirecourt XXème. Bon état.,150
2155,"Archet de violon de l'Ecole de BAZIN, signé ""C. Bazin"", monté maillechort. 58g, avec garniture soie.",
"",Petite arrachure baguette. Bon état.,150
2156,Violon Mirecourt XXème. Différentes restaurations sur la table. 359mm.,100
2157,"Bel archet d'alto de LABERTE, signé ""Tourte, abeille monté maillechort. 62g5, sans mèche et garniture",
"",soie. Très bon état.,100
2158,Lot de deux violons 3/4. Assez bon état.,200
2159,"Lot de quatre archets, abeille. En l'état.",50
2160,Violon XXème des pays de l'est portant étiquette Jan Hulik. Assez bon état. 357mm,100
2161,"Lot d'archets 1/4 Mirecourt, abeille montés maillechort. En l'état.",50
2162,Violon 3/4 d'étude Mirecourt XXème. Bon état.,50
2163,"Lot de deux archets de violon de l'Ecole de SIMON, abeille montés maillechort. L'un fendu arrière,",
"",l'autre fente hausse. Assez bon état.,100
2164,Violon 1/2 Mirecourt. Bon état.,80
2165,"Lot de deux archets de violon dont un P.C. et un C.N. BAZIN, bois d'abeille montés maillechort. Assez",
"",bon état.,200
2166,Violon 1/2 Mirecourt XXème. Assez bon état.,100
2167,Lot de neuf archets d'étude en bois d'abeille. En l'état.,20
2168,Violon 3/4 allemand XXème. Assez bon état.,100
2169,Lot de sept archets de violons 1/2. En l'état.,50
2170,Violoncelle 3/4 XXème des Pays de l'Est. Quelques restaurations.,150
2171,"Lot de deux archets de violon Français, montés maillechort. Assez bon état.",50
2172,"Violon Mirecourt XXème fait dans les ateliers COUESNON, signé Marquis de l'air. Talon cassé. 358mm.",150
2173,"Lot de deux archets dont un de violon de l'Atelier de BAZIN, abeille maillechort. 55g, sans mèche ni",
"","garniture en bon état et le second d'alto de l'Atelier de P. COLAS, abeille maillechort. 57g5, sans mèche",
"",ni garniture. Bon état.,100
2174,"Violon Mirecourt XXème, portant étiquette apocryphe Stradivarius. Cassure de barre sur la table.",
"",359mm,200
2175,"Archet de violon de l'Ecole allemande, monté ivoire monté maillechort. 55g5, sans mèche et garniture",
"","baleine. Bagué et fendu arrière et bouton endommagé, gerces baguette. Assez bon état.",100
2176,Violon 3/4 Mirecourt XXème portant étiquette apocryphe Guarnerius. Bon état.,80
2177,Lot de cinq archets de violon en abeille. En l'état.,60
2178,Violon 3/4 allemand XXème portant étiquette apocryphe Guarnerius. Assez bon état.,100
2179,Important lot d'archets divers. En l'état.,30
2180,Violon allemand XXème en modèle Gaspar da Salo dont il porte une étiquette apocryphe. Bon état.,
"",359mm,150
2181,"Lot de cinq archets, abeille. En l'état.",60
2182,Violon XXème des Pays de l'Est portant étiquette apocryphe Stradivarius. Cassure d'âme sur la table.,
"",359mm,100
2183,"Archet de violon de l'Ecole de BAZIN, monté maillechort. 55g. Assez bon état.",150
2184,Violon Mirecourt d'étude XXème medio fino. QUelques restauration. 360mm,20
2185,"Lot de deux archets de violon de P.C., bois d'abeille monté maillechort. Assez bon état.",200
2186,Violon de l'école allemande début XXème. Cassure sur la table. 365mm,150
2187,"Archet de violon allemand 1950, monté maillechort. 56g5, avec garniture soie. Bon état.",150
2188,"Violon de l'école allemande XXème. Tête cassée, piqûres de vers, sans sa touche. 369mm",20
2189,Lot de trois archets montés maillechort. En l'état.,50
2190,Violoncelle XIXème des pays de l'est. Nombreuses restaurations dont une cassure d'âme au fond.,
"",737mm.,200
2191,"Baguette d'archet d'alto fin de l'Ecole de PECCATTE, hausse et bouton postérieurs montés maillechort.",
"","58g5, sans mèche ni garniture. Assez bon état.",100
2192,Violon allemand XXème. Différentes restaurations. 362mm.,50
2193,"Lot de deux archets d'alto de l'Atelier de MORIZOT Frères et J.T.L., abeille monté maillechort. Assez bon",
"",état.,100
2194,Violon 3/4 Mirecourt XXème portant étiquette apocryphe de Stradivarius. Bon état.,80
2195,"Archet de violon de J.T.L., monté maillechort. 54g, sans mèche ni garniture. Bon état.",150
2196,Violon d'étude Mirecourt XXème portant étiquette apocryphe de Stradivarius. Assez bon état. 357mm.,80
2197,"Archet de violon de l'Ecole allemande 1960, monté maillechort. Assez bon état.",150
2198,Violon XXème travail d'amateur. Joint de fond décollé. 355mm.,30
2199,Important lot d'archets divers. En l'état.,30
2200,Violon des pays de l'est portant étiquette Prokop. Bon état. 361mm,150
2201,Lot de quatre archets hausses ouvertes. En l'état.,30
2202,Violon allemand XXème portant étiquette apocryphe de Kloz. Bon état. 363mm.,200
2203,"Archet de contrebasse de Pierre CUNIOT, abeille monté maillechort. 131g. Assez bon état.",100
2204,Violon Mirecourt XXème portant étiquette apocryphe d'Amatus. Trace de vers sur la table. 358mm.,100
2205,"Archet de violon 3/4 de Gérome DEVOIVRE, signé, monté maillechort. 42g, sans mèche et garniture soie.",
"",Bon état.,150
2206,Violon portant étiquette fait sous la direction de Georges Apparut. Assez bon état. 358mm.,100
2207,"Archet d'alto de l'Ecole de BAZIN, abeille, monté maillechort, bouton postérieur. 56g, sans mèche ni",
"",garniture. Assez bon état.,100
2208,Violon 3/4 Mirecourt XXème. Quelques restaurations sur la table.,20
2209,Lot de trois archets et une baguette. En l'état.,30
2210,Violon portant étiquette choisi par Léon Bernadel. Assez bon état. 359mm.,100
2211,"Lot de douze archets 3/4, abeille montés maillechort. En l'état.",50
2212,"Tête de violon non vernie, signée J.B. Vuillaume à Paris",100
2213,"Lot de deux archets de violon Mirecourt, abeille montés maillechort. En l'état.",100
2214,Violon 3/4 XXème étiquette apocryphe Stradivarius. Assez bon état.,40
2215,"Archet d'alto du XIXème, signé apocryphe Voirin, bois exotique, hausse et bouton postérieurs montés",
"","maillechort. 61g5, sans mèche. Assez bon état.",100
2216,Ensemble de tables et fonds. En l'état,30
2217,"Archet de l'Ecole allemande 1960, signé ""Schiller"", monté maillechort. 62g. Assez bon état.",150
2218,Ensemble de violons divers accidentés et éclisses de violoncelle.,100
2219,"Lot de deux archets de violon 1/8 dont un de L. MORIZOT Frères, abeille monté maillechort. 36g5. Assez",
"","bon état. Un de l'Atelier de CUNIOT-­‐HURY, abeille monté maillechort. 27g, sans mèche ni garniture.",
"",Assez bon état.,80
2220,Violon 1/2 Mirecourt XXème medio-­‐fino. Bon état.,180
2221,Lot de six archets de différentes provenances. En l'état.,50
2222,Alto moderne industriel. Bon état. 420mm,50
2223,Lot de six archets de petites tailles de l'Ecole de BAZIN en abeille monté maillechort. Assez bon état.,100
2224,Violon portant étiquette apocryphe de Testore. Assez bon état. 357mm,80
2225,"Archet de violon de J.T.L., monté maillechort. 53g5, sans mèche ni garniture. Gerces baguette et éclats",
"",arrière. Assez bon état,150
2226,Violoncelle moderne portant étiquette de 1997. Bon état.,200
2227,Lot de cinq archets de violon allemand en pernambouc montés maillechort. Assez bon état.,150
2228,Violon des pays de l'est. Assez bon état. 365mm.,50
2229,"Archet de violon 1/8 de L. MORIZOT Frères, monté maillechort. 30g, sans mèche ni garniture. Petite",
"",fente arrière. Assez bon état.,60
2230,"Violon Mirecourt XXème portant étiquette Léon Bernardel. Cassure sur la table, talon cassé. Avec archet",
"",tête cassée.,100
2231,"Archet de violon de LABERTE, signé Maire, abeille monté argent. 53g, avec mèche fine et sans garniture.",
"",Assez bon état.,100
2232,Violon portant étiquette apocryphe Amatus. Avec archet et un violon 3/4 Mirecourt XXème. Assez bon,
"",état.,80
2233,"Archet de violon de LABERTE, abeille monté maillechort. 53g, sans mèche et garniture soie. Bon état.",100
2234,Violon 3/4 d'étude portant étiquette apocryphe Stradivarius. Bon état. On joint un violon décoré sur le,
"",fond,30
2235,"Archet de violon de l'Ecole de PAJEOT, bois exotique, hausse postérieure montée maillechort. 57g, sans",
"",mèche ni garniture. En l'état.,100
2236,Un ensemble de têtes de violons,400
2237,"Lot de deux archets dont un de violon de P. COLAS, abeille monté maillechort. 52g5, sans mèche ni",
"",garniture. Fendu et bloqué arrière. Assez bon état. Le second baguette d'archet de violoncelle de l'Ecole,
"","allemande en abeille, avec hausse et bouton de l'Ecole de BAZIN montés maillechort. 69g5, sans mèche",
"",ni garniture. Fente baguette arrière et hausse. Assez bon état.,100
2238,Un ensemble de bois pour fonds de violons,500
2239,"Baguette d'archet d'alto de François BAZIN, bois de fer. 44g. Manque à la tête.",100
2240,Un ensemble de bois pour tables de violons,500
2241,Lot de six baguettes et archets en l'état.,20
2242,Ensemble de cinquante chevalets de violons,100
2243,Lot d'archets divers.,100
2244,Ensemble de cinquante chevalets de violons,100
2245,Lot d'archets divers.,100
2246,Ensemble de cinquante chevalets de violons,100
2247,Lot d'archets divers.,100
2248,Violon portant étiquette Sanctus Seraphin. Assez bon état. 353mm.,50
2249,Lot d'archets divers.,100
2250,Ensemble de cinquante chevalets de violons,100
2251,Ensemble de quarante chevalets d'altos,100
2252,Ensemble de cinquante chevalets de violons,100
2253,Ensemble de quarante chevalets d'altos,100
2254,Ensemble de cinquante chevalets de violons,100
2255,Ensemble de vingt chevalets de violoncelles,150
2256,Ensemble de cinquante chevalets de violons,100
2257,Ensemble de vingt chevalets de violoncelles,150
2258,Ensemble de cinquante chevalets de violons,100
2259,Ensemble de vingt chevalets de violoncelles,150
2260,Ensemble de cinquante chevalets de violons,100
2261,Ensemble de vingt chevalets de violoncelles,150
2262,Ensemble de vingt chevalets de violoncelles,150
2263,Ensemble de vingt chevalets de violoncelles,150
2264,Ensemble de vingt chevalets de violoncelles,150
2265,Ensemble de vingt chevalets de violoncelles,150
